ts,reads,sectors_read,read_ticks,writes,sectors_written,write_ticks,io_ticks,weighted_ticks
1789789574.2271578,3527729,484543795,1065200,15326703,915607395,7235769,12003876,8300969
1789789575.2275612,3528809,484568675,1065448,15326709,915607443,7235770,12004584,8301218
1789789576.2279844,3529568,484583171,1065637,15326717,915607619,7235772,12005364,8301409
1789789577.2283487,3530024,484594667,1065757,15326724,915607675,7235774,12005960,8301532
1789789578.228745,3530597,484609587,1065896,15326742,915607963,7235786,12006436,8301683
1789789579.2291667,3531089,484622203,1066024,15326754,915608497,7235790,12006916,8301814
1789789580.229656,3531563,484629147,1066139,15326754,915608497,7235790,12007408,8301929
1789789581.2300928,3532597,484660723,1066404,15326757,915608553,7235791,12008120,8302195
1789789582.2304776,3533580,484686083,1066639,15326760,915608665,7235791,12008792,8302431
1789789583.230923,3533863,484694155,1066718,15326783,915608961,7235800,12009204,8302518
1789789584.2337768,3533868,484694467,1066719,15326813,915611793,7235817,12009228,8302537
1789789585.2376337,3533868,484694467,1066719,15326930,915622663,7235971,12009272,8302691
1789789586.238085,3534021,484699443,1066759,15327245,915638584,7237336,12009456,8304096
1789789587.2384677,3534536,484725163,1066895,15327251,915638736,7237338,12009912,8304234
1789789588.238866,3535371,484747931,1067106,15327271,915639000,7237348,12010688,8304454
1789789589.239287,3535732,484758883,1067204,15327282,915639165,7237351,12011148,8304555
1789789590.2397292,3536076,484775691,1067291,15327332,915640383,7237397,12011376,8304689
1789789591.2401464,3536320,484782107,1067359,15327332,915640383,7237397,12011692,8304756
1789789592.240595,3536448,484784859,1067397,15327335,915640415,7237398,12011912,8304796
1789789593.2410452,3536647,484790747,1067457,15327341,915640583,7237402,12012248,8304859
1789789594.2415643,3536724,484794291,1067481,15327343,915640599,7237402,12012388,8304884
1789789595.2455492,3536903,484799507,1067610,15327353,915640694,7237408,12012696,8305019
1789789596.2459576,3536919,484799931,1067615,15327353,915640694,7237408,12012728,8305024
1789789597.249564,3537030,484802715,1067648,15327353,915640694,7237408,12012876,8305056
1789789598.249941,3537046,484802939,1067653,15327363,915641494,7237414,12012900,8305067
1789789599.250345,3537108,484804587,1067673,15327378,915641777,7237419,12013000,8305093
1789789600.2507596,3537179,484807027,1067693,15327378,915641777,7237419,12013156,8305113
1789789601.269438,3537186,484807299,1067696,15327378,915641777,7237419,12013168,8305116
1789789602.28154,3537190,484807579,1067697,15327378,915641777,7237419,12013180,8305117
1789789603.2896464,3537190,484807579,1067697,15327385,915642857,7237422,12013188,8305120
1789789604.2975783,3537190,484807579,1067697,15327387,915642961,7237423,12013192,8305121
1789789605.3015978,3537191,484807587,1067698,15327387,915642961,7237423,12013200,8305121
1789789606.302,3537191,484807587,1067698,15327387,915642961,7237423,12013200,8305121
1789789607.3024182,3537193,484807611,1067698,15327389,915643025,7237424,12013212,8305123
1789789608.302843,3537195,484807627,1067699,15327396,915643337,7237426,12013220,8305126
1789789609.3032703,3537198,484807651,1067700,15327410,915643530,7237431,12013232,8305131
1789789610.3036802,3537202,484807707,1067701,15327412,915643642,7237432,12013252,8305134
1789789611.3041472,3537217,484808379,1067706,15327412,915643642,7237432,12013284,8305138
1789789612.3045602,3537225,484808747,1067709,15327412,915643642,7237432,12013312,8305141
1789789613.309563,3537226,484808755,1067709,15327412,915643642,7237432,12013316,8305142
1789789614.3099718,3537226,484808755,1067709,15327420,915645250,7237451,12013328,8305161
1789789615.3103795,3537226,484808755,1067709,15327422,915645354,7237452,12013332,8305162
1789789616.3175702,3537227,484808763,1067710,15327422,915645354,7237452,12013336,8305162
1789789617.317955,3537227,484808763,1067710,15327423,915645362,7237452,12013340,8305163
1789789618.3183506,3537227,484808763,1067710,15327423,915645362,7237452,12013340,8305163
1789789619.3187692,3537227,484808763,1067710,15327440,915646817,7237459,12013352,8305169
1789789620.3192031,3537230,484808787,1067711,15327549,915649038,7237561,12013372,8305272
1789789621.32156,3537230,484808787,1067711,15327552,915649144,7237562,12013380,8305273
1789789622.3220394,3537237,484808915,1067713,15327553,915649152,7237562,12013396,8305276
1789789623.3233373,3537237,484808915,1067713,15327553,915649152,7237562,12013396,8305276
1789789624.3238356,3537240,484808939,1067714,15327560,915650984,7237566,12013420,8305281
1789789625.324314,3537240,484808939,1067714,15327562,915651008,7237567,12013424,8305282
1789789626.32913,3537240,484808939,1067714,15327563,915651016,7237568,12013428,8305282
1789789627.329563,3537244,484809019,1067716,15327565,915651120,7237569,12013444,8305285
1789789628.3299544,3537246,484809283,1067716,15327565,915651120,7237569,12013452,8305286
1789789629.3303518,3537246,484809283,1067716,15327611,915655024,7237594,12013476,8305311
1789789630.330753,3537255,484809363,1067720,15327611,915655024,7237594,12013500,8305314
1789789631.3311284,3537255,484809363,1067720,15327613,915655056,7237595,12013504,8305315
1789789632.3316495,3537255,484809363,1067720,15327615,915655160,7237596,12013508,8305316
1789789633.332076,3537256,484809371,1067720,15327615,915655160,7237596,12013512,8305316
1789789634.3324702,3537256,484809371,1067720,15327620,915656808,7237597,12013516,8305318
1789789635.3328505,3537256,484809371,1067720,15327620,915656808,7237597,12013516,8305318
1789789636.3333087,3537256,484809371,1067720,15327622,915656832,7237598,12013520,8305319
1789789637.3337772,3537256,484809371,1067720,15327623,915656840,7237599,12013524,8305319
1789789638.3342297,3537256,484809371,1067720,15327625,915656944,7237600,12013528,8305320
1789789639.337677,3537262,484809515,1067722,15327643,915658924,7237606,12013564,8305329
1789789640.3380995,3537264,484809587,1067723,15327643,915658924,7237606,12013568,8305330
1789789641.3385227,3537266,484809603,1067724,15327643,915658924,7237606,12013576,8305331
1789789642.3389874,3537266,484809603,1067724,15327645,915658948,7237607,12013580,8305332
1789789643.3401544,3537266,484809603,1067724,15327646,915658956,7237608,12013584,8305332
1789789644.3407578,3537268,484809619,1067725,15327707,915666028,7237623,12013600,8305348
1789789645.3412383,3537268,484809619,1067725,15327707,915666028,7237623,12013600,8305348
1789789646.3455796,3537268,484809619,1067725,15327709,915666044,7237623,12013608,8305348
1789789647.3459857,3537269,484809627,1067725,15327711,915666068,7237624,12013616,8305349
1789789648.3464036,3537269,484809627,1067725,15327711,915666068,7237624,12013616,8305349
1789789649.3468094,3537269,484809627,1067725,15327730,915670162,7237634,12013628,8305359
1789789650.3471963,3537269,484809627,1067725,15327732,915670266,7237635,12013632,8305360
1789789651.347654,3537269,484809627,1067725,15327763,915670895,7237654,12013636,8305379
1789789652.3495815,3537270,484809739,1067725,15327768,915670943,7237656,12013644,8305382
1789789653.3499727,3537278,484809827,1067728,15327771,915670975,7237657,12013660,8305386
1789789654.3503788,3537278,484809827,1067728,15327810,915675599,7237673,12013676,8305401
1789789655.350877,3537278,484809827,1067728,15327812,915675703,7237673,12013680,8305401
1789789656.3537226,3537281,484809851,1067729,15327813,915675759,7237674,12013692,8305403
1789789657.3576114,3537299,484813043,1067736,15327814,915675767,7237674,12013728,8305411
1789789658.35805,3537328,484817067,1067746,15327827,915675895,7237680,12013756,8305426
1789789659.3586276,3537328,484817067,1067746,15327837,915676009,7237683,12013760,8305429
1789789660.3592737,3537328,484817067,1067746,15327843,915678537,7237686,12013764,8305432
1789789661.359779,3537333,484817387,1067748,15327845,915678641,7237687,12013776,8305435
1789789662.3602066,3537362,484821323,1067757,15327845,915678641,7237687,12013808,8305445
1789789663.3620417,3537362,484821323,1067757,15327845,915678641,7237687,12013808,8305445
1789789664.362526,3537383,484822971,1067764,15327847,915678665,7237688,12013836,8305452
1789789665.3633032,3537388,484823651,1067766,15327847,915678665,7237688,12013848,8305454
1789789666.3655462,3537389,484823907,1067766,15327847,915678665,7237688,12013852,8305454
1789789667.3659258,3537391,484823923,1067767,15327851,915678785,7237690,12013868,8305457
1789789668.3663797,3537395,484823955,1067768,15327852,915678793,7237690,12013880,8305458
1789789669.3669357,3537408,484824547,1067771,15327864,915678951,7237694,12013912,8305466
1789789670.3673816,3537410,484824563,1067772,15327872,915681399,7237697,12013924,8305470
1789789671.3679318,3537410,484824563,1067772,15327872,915681399,7237697,12013924,8305470
1789789672.368375,3537411,484824707,1067773,15327874,915681503,7237698,12013932,8305471
1789789673.3698945,3537412,484824715,1067773,15327901,915683135,7237707,12013952,8305481
1789789674.3707733,3537412,484824715,1067773,15327901,915683135,7237707,12013952,8305481
1789789675.3714938,3537421,484824795,1067776,15327910,915685663,7237712,12013972,8305488
1789789676.3719127,3537421,484824795,1067776,15327910,915685663,7237712,12013972,8305488
1789789677.372368,3537421,484824795,1067776,15327910,915685663,7237712,12013972,8305488
1789789678.372855,3537421,484824795,1067776,15327912,915685783,7237713,12013976,8305489
1789789679.3733072,3537421,484824795,1067776,15327922,915685901,7237716,12013984,8305493
1789789680.3737803,3537421,484824795,1067776,15327930,915687645,7237720,12013988,8305496
1789789681.3742325,3537422,484824803,1067776,15327930,915687645,7237720,12013992,8305496
1789789682.3746595,3537422,484824803,1067776,15327970,915688348,7237739,12014000,8305515
1789789683.3755763,3537423,484824915,1067776,15327970,915688348,7237739,12014004,8305516
1789789684.3770366,3537429,484825011,1067779,15327972,915688452,7237740,12014024,8305519
1789789685.3775985,3537429,484825011,1067779,15327978,915690396,7237745,12014028,8305524
1789789686.3781474,3537429,484825011,1067779,15327981,915690436,7237746,12014036,8305525
1789789687.378572,3537431,484825027,1067779,15327981,915690436,7237746,12014040,8305526
1789789688.3791697,3537431,484825027,1067779,15327981,915690436,7237746,12014040,8305526
1789789689.3798351,3537434,484825195,1067780,15328024,915693418,7237756,12014068,8305536
1789789690.3802688,3537434,484825195,1067780,15328029,915695202,7237758,12014072,8305539
1789789691.380756,3537434,484825195,1067780,15328031,915695226,7237759,12014076,8305540
1789789692.3811452,3537434,484825195,1067780,15328031,915695226,7237759,12014076,8305540
1789789693.382301,3537434,484825195,1067780,15328031,915695226,7237759,12014076,8305540
1789789694.3827393,3537434,484825195,1067780,15328031,915695226,7237759,12014076,8305540
1789789695.3832426,3537434,484825195,1067780,15328039,915696986,7237762,12014084,8305543
1789789696.3837366,3537437,484825219,1067781,15328040,915696994,7237762,12014100,8305544
1789789697.3856122,3537437,484825219,1067781,15328042,915697018,7237763,12014104,8305545
1789789698.3860908,3537438,484825227,1067782,15328042,915697018,7237763,12014108,8305545
1789789699.3867373,3537438,484825227,1067782,15328052,915697128,7237766,12014116,8305548
1789789700.3884575,3537441,484825251,1067783,15328054,915697232,7237767,12014128,8305550
1789789701.3888824,3537441,484825251,1067783,15328061,915698776,7237770,12014132,8305553
1789789702.389381,3537441,484825251,1067783,15328063,915698808,7237771,12014136,8305554
1789789703.38979,3537442,484825259,1067783,15328063,915698808,7237771,12014140,8305554
1789789704.3901975,3537442,484825259,1067783,15328091,915701376,7237779,12014156,8305563
1789789705.3906949,3537442,484825259,1067783,15328092,915701384,7237780,12014160,8305563
1789789706.3911092,3537443,484825267,1067784,15328102,915703104,7237784,12014176,8305568
1789789707.3915524,3537446,484825331,1067785,15328102,915703104,7237784,12014180,8305569
1789789708.3919668,3537446,484825331,1067785,15328104,915703128,7237785,12014184,8305570
1789789709.3923678,3537448,484825347,1067785,15328114,915703241,7237787,12014196,8305573
1789789710.3948677,3537448,484825347,1067785,15328114,915703241,7237787,12014196,8305573
1789789711.395223,3537448,484825347,1067785,15328121,915704929,7237791,12014204,8305577
1789789712.395644,3537450,484825363,1067786,15328121,915704929,7237791,12014208,8305578
1789789713.4016752,3537451,484825379,1067786,15328147,915705413,7237803,12014224,8305589
1789789714.4021325,3537451,484825379,1067786,15328147,915705413,7237803,12014224,8305589
1789789715.402672,3537453,484825395,1067787,15328147,915705413,7237803,12014228,8305590
1789789716.4030762,3537453,484825395,1067787,15328154,915706629,7237806,12014236,8305593
1789789717.4035385,3537459,484825523,1067789,15328156,915706733,7237807,12014244,8305596
1789789718.4040444,3537461,484825539,1067789,15328156,915706733,7237807,12014252,8305597
1789789719.4058287,3537461,484825539,1067789,15328196,915708939,7237825,12014272,8305615
1789789720.406331,3537462,484825547,1067790,15328196,915708939,7237825,12014276,8305616
1789789721.407167,3537462,484825547,1067790,15328202,915710579,7237828,12014284,8305619
1789789722.4076047,3537462,484825547,1067790,15328202,915710579,7237828,12014284,8305619
1789789723.408246,3537463,484825555,1067790,15328205,915710739,7237830,12014292,8305620
1789789724.4087102,3537463,484825555,1067790,15328207,915710763,7237830,12014296,8305621
1789789725.4091177,3537463,484825555,1067790,15328207,915710763,7237830,12014296,8305621
1789789726.4096696,3537529,484833131,1067807,15328214,915711459,7237833,12014364,8305640
1789789727.410166,3537530,484833259,1067808,15328214,915711459,7237833,12014368,8305641
1789789728.4106214,3537530,484833259,1067808,15328216,915711563,7237834,12014372,8305642
1789789729.4110174,3537531,484833267,1067808,15328227,915711738,7237837,12014384,8305645
1789789730.4115267,3537531,484833267,1067808,15328230,915711770,7237838,12014388,8305646
1789789731.4121368,3537531,484833267,1067808,15328235,915713394,7237840,12014392,8305648
1789789732.4126518,3537531,484833267,1067808,15328235,915713394,7237840,12014392,8305648
1789789733.4136453,3537531,484833267,1067808,15328235,915713394,7237840,12014392,8305648
1789789734.4141622,3537533,484833283,1067809,15328237,915713498,7237841,12014404,8305650
1789789735.4146247,3537535,484833299,1067810,15328239,915713530,7237842,12014416,8305652
1789789736.4150534,3537536,484833307,1067810,15328245,915715106,7237845,12014424,8305655
1789789737.4154634,3537536,484833307,1067810,15328246,915715114,7237845,12014428,8305656
1789789738.4159918,3537537,484833315,1067810,15328280,915717554,7237853,12014436,8305664
1789789739.4164352,3537539,484833419,1067811,15328291,915717713,7237856,12014452,8305668
1789789740.4169288,3537540,484833427,1067812,15328294,915717873,7237857,12014460,8305669
1789789741.4174712,3537540,484833427,1067812,15328301,915719177,7237860,12014468,8305672
1789789742.4178684,3537540,484833427,1067812,15328301,915719177,7237860,12014468,8305672
1789789743.4183164,3537542,484833443,1067812,15328330,915719787,7237874,12014476,8305687
1789789744.4187415,3537542,484833443,1067812,15328330,915719787,7237874,12014476,8305687
1789789745.419231,3537551,484833555,1067815,15328333,915719811,7237875,12014488,8305690
1789789746.4196727,3537552,484833563,1067816,15328338,915719947,7237877,12014504,8305693
1789789747.4200704,3537552,484833563,1067816,15328344,915721739,7237880,12014508,8305696
1789789748.4216318,3537552,484833563,1067816,15328344,915721739,7237880,12014508,8305696
1789789749.422177,3537554,484833579,1067816,15328382,915724298,7237893,12014524,8305709
1789789750.4226997,3537555,484833587,1067817,15328382,915724298,7237893,12014532,8305710
1789789751.4232147,3537555,484833587,1067817,15328384,915724402,7237894,12014536,8305711
1789789752.4243603,3537557,484833603,1067817,15328392,915725634,7237897,12014544,8305715
1789789753.4255433,3537557,484833603,1067817,15328392,915725634,7237897,12014544,8305715
1789789754.425962,3537557,484833603,1067817,15328392,915725634,7237897,12014544,8305715
1789789755.426517,3537559,484833619,1067818,15328392,915725634,7237897,12014548,8305716
1789789756.427022,3537561,484833635,1067819,15328392,915725634,7237897,12014560,8305717
1789789757.4278946,3537561,484833635,1067819,15328403,915727058,7237901,12014568,8305720
1789789758.4283683,3537562,484833771,1067819,15328404,915727066,7237902,12014576,8305721
1789789759.4288568,3537562,484833771,1067819,15328414,915727177,7237904,12014584,8305724
1789789760.4293065,3537562,484833771,1067819,15328415,915727185,7237904,12014588,8305724
1789789761.4310615,3537563,484833779,1067820,15328415,915727185,7237904,12014596,8305725
1789789762.4322157,3537565,484833795,1067820,15328423,915729953,7237907,12014612,8305728
1789789763.4327352,3537566,484833803,1067821,15328425,915729977,7237908,12014620,8305729
1789789764.43323,3537566,484833803,1067821,15328455,915733049,7237915,12014628,8305736
1789789765.4338107,3537568,484833995,1067822,15328456,915733057,7237915,12014636,8305737
1789789766.434279,3537569,484834003,1067822,15328456,915733057,7237915,12014640,8305738
1789789767.43468,3537569,484834003,1067822,15328463,915734809,7237920,12014648,8305742
1789789768.4352264,3537569,484834003,1067822,15328467,915734945,7237922,12014652,8305744
1789789769.4357584,3537570,484834011,1067822,15328477,915735056,7237925,12014668,8305748
1789789770.43628,3537571,484834019,1067823,15328477,915735056,7237925,12014672,8305749
1789789771.4367669,3537571,484834019,1067823,15328478,915735112,7237926,12014676,8305749
1789789772.4372964,3537571,484834019,1067823,15328484,915737048,7237929,12014680,8305752
1789789773.4377577,3537571,484834019,1067823,15328484,915737048,7237929,12014680,8305752
1789789774.4383483,3537574,484834051,1067824,15328512,915737668,7237946,12014700,8305771
1789789775.4387412,3537574,484834051,1067824,15328513,915737676,7237947,12014704,8305771
1789789776.4395888,3537575,484834059,1067825,15328513,915737676,7237947,12014708,8305772
1789789777.44029,3537575,484834059,1067825,15328519,915739196,7237950,12014712,8305775
1789789778.4408154,3537575,484834059,1067825,15328519,915739196,7237950,12014712,8305775
1789789779.4428475,3537575,484834059,1067825,15328534,915739480,7237955,12014728,8305781
1789789780.4433243,3537576,484834067,1067825,15328534,915739480,7237955,12014732,8305781
1789789781.4440184,3537577,484834091,1067825,15328534,915739480,7237955,12014736,8305781
1789789782.4445462,3537577,484834091,1067825,15328539,915741320,7237958,12014740,8305784
1789789783.4458048,3537577,484834091,1067825,15328540,915741328,7237958,12014744,8305784
1789789784.4478137,3537577,484834091,1067825,15328540,915741328,7237958,12014744,8305784
1789789785.4499793,3537578,484834099,1067826,15328544,915741456,7237960,12014756,8305786
1789789786.4504638,3537580,484834115,1067826,15328545,915741464,7237960,12014764,8305787
1789789787.451173,3537580,484834115,1067826,15328546,915741472,7237960,12014768,8305787
1789789788.4517403,3537580,484834115,1067826,15328553,915743040,7237964,12014772,8305791
1789789789.4522004,3537582,484834131,1067827,15328565,915743271,7237968,12014788,8305795
1789789790.453393,3537582,484834131,1067827,15328567,915743303,7237968,12014792,8305796
1789789791.4539537,3537582,484834131,1067827,15328596,915744943,7237986,12014800,8305814
1789789792.4544368,3537584,484834147,1067828,15328596,915744943,7237986,12014804,8305815
1789789793.4549086,3537593,484834403,1067830,15328601,915746799,7237990,12014812,8305820
1789789794.4555361,3537594,484834411,1067831,15328601,915746799,7237990,12014816,8305821
1789789795.455964,3537594,484834411,1067831,15328601,915746799,7237990,12014816,8305821
1789789796.4593067,3537604,484834651,1067834,15328604,915746831,7237991,12014852,8305825
1789789797.4623988,3537642,484835307,1067846,15328890,915749178,7238055,12015144,8305902
1789789798.4628537,3537642,484835307,1067846,15329485,915753829,7238187,12015604,8306033
1789789799.4633589,3537642,484835307,1067846,15330872,915763273,7238477,12016364,8306324
1789789800.4649165,3537642,484835307,1067846,15331844,915771710,7238691,12017136,8306538
1789789801.4696848,3537642,484835307,1067846,15332694,915779211,7238892,12017804,8306738
1789789802.470242,3537642,484835307,1067846,15334255,915793614,7239206,12018544,8307053
1789789803.470645,3537644,484835323,1067846,15336536,915815460,7239622,12019368,8307469
1789789804.4710164,3537645,484835467,1067847,15339014,915837504,7240075,12020336,8307922
1789789805.4714253,3537648,484835491,1067847,15341436,915858767,7240559,12021208,8308407
1789789806.4736202,3537648,484835491,1067847,15344499,915885477,7241180,12022212,8309028
1789789807.4741306,3537648,484835491,1067847,15346826,915907513,7241624,12023176,8309472
1789789808.4745872,3537649,484835499,1067848,15348779,915928567,7242058,12024072,8309906
1789789809.4750924,3537650,484835507,1067848,15351067,915955303,7242554,12025004,8310403
1789789810.4755745,3537650,484835507,1067848,15353730,915984037,7243097,12026000,8310945
1789789811.4766235,3537651,484835515,1067848,15356106,916009658,7243571,12026932,8311419
1789789812.479826,3537651,484835515,1067848,15358281,916033118,7244034,12027876,8311882
1789789813.4802887,3537651,484835515,1067848,15360886,916061230,7244550,12028820,8312398
1789789814.480669,3537654,484835699,1067849,15363216,916086955,7245028,12029780,8312877
1789789815.4811344,3537654,484835699,1067849,15365558,916113224,7245518,12030728,8313368
1789789816.4818125,3537655,484835707,1067849,15367802,916138045,7245990,12031700,8313840
1789789817.482261,3537657,484835723,1067850,15370069,916163659,7246477,12032636,8314327
1789789818.485562,3537657,484835723,1067850,15372415,916190063,7246944,12033608,8314794
1789789819.4859612,3537659,484835883,1067850,15374921,916218596,7247419,12034548,8315269
1789789820.486426,3537659,484835883,1067850,15377241,916245340,7247866,12035488,8315717
1789789821.4868622,3537659,484835883,1067850,15379550,916271987,7248317,12036440,8316168
1789789822.4872665,3537661,484835899,1067851,15381882,916298410,7248783,12037376,8316634
1789789823.487775,3537661,484835899,1067851,15384251,916340753,7249282,12038344,8317133
1789789824.4882243,3537670,484836243,1067853,15386696,916370352,7249768,12039280,8317621
1789789825.4886281,3537671,484836251,1067853,15388898,916394645,7250233,12040252,8318086
1789789826.49359,3537671,484836251,1067853,15391575,916423399,7250726,12041200,8318579
1789789827.4940484,3537671,484836251,1067853,15394098,916451020,7251215,12042196,8319068
1789789828.4944613,3537672,484836259,1067853,15400220,916525337,7253353,12043124,8321206
1789789829.4949179,3537672,484836259,1067853,15402635,916551462,7253851,12044100,8321704
1789789830.49533,3537672,484836259,1067853,15404805,916575164,7254315,12045016,8322169
1789789831.4957125,3537673,484836267,1067853,15407279,916602260,7254828,12045996,8322682
1789789832.4960706,3537673,484836267,1067853,15409489,916626800,7255282,12046900,8323136
1789789833.4964821,3537675,484836283,1067854,15411833,916652975,7255765,12047872,8323619
1789789834.496892,3537675,484836283,1067854,15418891,916732784,7258909,12048788,8326763
1789789835.4972422,3537675,484836283,1067854,15421078,916758024,7259438,12049764,8327292
1789789836.4980998,3537676,484836291,1067854,15422920,916779072,7259898,12050664,8327753
1789789837.4986484,3537676,484836291,1067854,15425052,916802921,7260385,12051640,8328239
1789789838.501572,3537676,484836291,1067854,15427124,916826285,7260840,12052544,8328694
1789789839.5021203,3537679,484836323,1067855,15429445,916854732,7261398,12053532,8329253
1789789840.5026498,3537680,484836355,1067855,15431110,916874172,7261825,12054404,8329680
1789789841.5030804,3537680,484836355,1067855,15433415,916900161,7262328,12055396,8330184
1789789842.503503,3537682,484836371,1067856,15433886,916905153,7262429,12055592,8330285
1789789843.504222,3537682,484836371,1067856,15433886,916905153,7262429,12055592,8330285
1789789844.5049767,3537682,484836371,1067856,15435349,916924719,7262739,12056264,8330595
1789789845.5069928,3537684,484836387,1067856,15437862,916952919,7263223,12057268,8331080
1789789846.5075374,3537684,484836387,1067856,15440083,916977920,7263644,12058184,8331500
1789789847.5080943,3537687,484836411,1067857,15442566,917005955,7264141,12059184,8331998
1789789848.508709,3537687,484836411,1067857,15444776,917031632,7264569,12060072,8332427
1789789849.509061,3537687,484836411,1067857,15446612,917053355,7264973,12061028,8332831
1789789850.511216,3537689,484836427,1067857,15448672,917076726,7265403,12061912,8333261
1789789851.5117922,3537689,484836427,1067857,15450872,917101979,7265829,12062836,8333686
1789789852.512986,3537692,484836451,1067858,15452668,917122891,7266210,12063696,8334068
1789789853.513439,3537693,484836459,1067858,15454133,917139628,7266551,12064608,8334410
1789789854.5255854,3537693,484836459,1067858,15463290,917216778,7271175,12065392,8339034
1789789855.5260332,3537693,484836459,1067858,15465458,917242828,7271634,12066360,8339493
1789789856.5264184,3537693,484836459,1067858,15467945,917269791,7272156,12067360,8340015
1789789857.5268607,3537693,484836459,1067858,15469821,917291879,7272533,12068144,8340392
1789789858.5272892,3537693,484836459,1067858,15472235,917319021,7273006,12069144,8340864
1789789859.5276613,3537693,484836459,1067858,15474128,917345179,7273476,12069964,8341335
1789789860.5280828,3537693,484836459,1067858,15475563,917361748,7273777,12070576,8341636
1789789861.5289087,3537695,484836475,1067859,15476261,917369545,7273913,12070884,8341772
1789789862.529343,3537695,484836475,1067859,15476758,917375279,7274010,12071092,8341869
1789789863.529936,3537695,484836475,1067859,15477950,917388823,7274216,12071556,8342075
1789789864.5303576,3537695,484836475,1067859,15477959,917397167,7274226,12071564,8342086
1789789865.53091,3537695,484836475,1067859,15479071,917409723,7274438,12072072,8342298
1789789866.531756,3537695,484836475,1067859,15479698,917416728,7274608,12072332,8342468
1789789867.5321457,3537695,484836475,1067859,15480300,917423845,7274725,12072588,8342584
1789789868.5325472,3537695,484836475,1067859,15481493,917437191,7274937,12073064,8342796
1789789869.533054,3537696,484836483,1067859,15481535,917439393,7274965,12073084,8342824
1789789870.5348082,3537696,484836483,1067859,15490778,917516632,7280451,12073796,8348311
1789789871.5353582,3537696,484836483,1067859,15490931,917518613,7280484,12073876,8348344
1789789872.5358071,3537696,484836483,1067859,15492086,917531321,7280753,12074452,8348613
1789789873.5362496,3537703,484837051,1067862,15492126,917531820,7280762,12074484,8348624
1789789874.5365977,3537704,484837307,1067862,15493319,917545127,7281021,12075112,8348883
1789789875.5370517,3537706,484837379,1067863,15493595,917552241,7281126,12075180,8348989
1789789876.5375059,3537709,484837403,1067864,15494552,917563250,7281309,12075584,8349173
1789789877.5383413,3537709,484837403,1067864,15494862,917566365,7281365,12075716,8349229
1789789878.5386775,3537709,484837403,1067864,15495670,917575886,7281530,12076096,8349394
1789789879.5402722,3537711,484837419,1067864,15496732,917587612,7281749,12076644,8349614
1789789880.5407836,3537711,484837419,1067864,15496792,917588427,7281762,12076684,8349627
1789789881.5412898,3537711,484837419,1067864,15496794,917588531,7281763,12076688,8349627
1789789882.5417824,3537713,484837435,1067865,15497906,917600770,7281995,12077196,8349860
1789789883.5422726,3537713,484837435,1067865,15498056,917602179,7282027,12077284,8349892
1789789884.542669,3537713,484837435,1067865,15499050,917615814,7282250,12077696,8350115
1789789885.5430708,3537715,484837451,1067865,15505815,917682478,7285202,12078084,8353067
1789789886.543735,3537715,484837451,1067865,15506200,917686949,7285286,12078252,8353152
1789789887.5443192,3537715,484837451,1067865,15507312,917699324,7285529,12078764,8353394
1789789888.545491,3537719,484837483,1067866,15507503,917701166,7285577,12078876,8353444
1789789889.5465326,3537719,484837483,1067866,15508438,917711987,7285778,12079312,8353645
1789789890.5471916,3537719,484837483,1067866,15508900,917716761,7285874,12079532,8353741
1789789891.5476415,3537721,484837499,1067867,15509552,917724660,7286004,12079836,8353871
1789789892.548445,3537721,484837499,1067867,15510568,917736240,7286199,12080292,8354067
1789789893.5488575,3537721,484837499,1067867,15510666,917737569,7286219,12080348,8354086
1789789894.549332,3537723,484837515,1067868,15511780,917750402,7286443,12080884,8354311
1789789895.5497549,3537723,484837515,1067868,15511858,917753754,7286621,12080896,8354489
1789789896.55021,3537723,484837515,1067868,15512973,917766496,7286867,12081460,8354735
1789789897.5506308,3537725,484837531,1067868,15513000,917767156,7286884,12081468,8354752
1789789898.551048,3537725,484837531,1067868,15514068,917779477,7287103,12081996,8354972
1789789899.551567,3537727,484837547,1067869,15514082,917779744,7287107,12082016,8354977
1789789900.552239,3537727,484837547,1067869,15515247,917792899,7287371,12082616,8355240
1789789901.5527554,3537727,484837547,1067869,15515247,917792899,7287371,12082616,8355240
1789789902.5533211,3537729,484837563,1067870,15516591,917807560,7287663,12083220,8355533
1789789903.5544312,3537729,484837563,1067870,15517083,917812686,7287755,12083420,8355625
1789789904.5548577,3537729,484837563,1067870,15517878,917821940,7287912,12083752,8355782
1789789905.5552511,3537730,484837571,1067870,15519139,917835779,7288158,12084260,8356028
1789789906.5557873,3537730,484837571,1067870,15519143,917835827,7288159,12084268,8356029
1789789907.5562005,3537730,484837571,1067870,15520406,917849616,7288399,12084800,8356270
1789789908.5567062,3537731,484837579,1067870,15521068,917856275,7288519,12085084,8356390
1789789909.5571127,3537731,484837579,1067870,15521599,917862551,7288633,12085340,8356504
1789789910.5575762,3537731,484837579,1067870,15522713,917874823,7288841,12085824,8356712
1789789911.5583212,3537733,484837595,1067871,15522964,917877413,7288892,12085960,8356763
1789789912.5610628,3537734,484837851,1067871,15523978,917888516,7289103,12086520,8356974
1789789913.561513,3537736,484837867,1067872,15524956,917899140,7289291,12086948,8357163
1789789914.5619333,3537736,484837867,1067872,15525173,917901644,7289334,12087044,8357206
1789789915.562328,3537736,484837867,1067872,15526365,917914690,7289565,12087580,8357438
1789789916.5627995,3537738,484837883,1067872,15528970,917946323,7290619,12087888,8358491
1789789917.5637088,3537738,484837883,1067872,15529584,917953407,7290747,12088184,8358620
1789789918.5642452,3537738,484837883,1067872,15530644,917965057,7290959,12088664,8358832
1789789919.5696046,3537743,484837923,1067874,15530786,917966677,7290987,12088736,8358861
1789789920.5700328,3537745,484837939,1067874,15531978,917979880,7291215,12089276,8359090
1789789921.5704772,3537745,484837939,1067874,15532709,917989287,7291368,12089596,8359243
1789789922.570965,3537745,484837939,1067874,15533122,917994216,7291459,12089852,8359334
1789789923.5714643,3537747,484837955,1067875,15534234,918006633,7291683,12090360,8359559
1789789924.5718517,3537748,484838099,1067875,15534236,918006649,7291684,12090372,8359560
1789789925.572319,3537748,484838099,1067875,15535349,918019158,7291910,12090864,8359785
1789789926.5727322,3537749,484838107,1067876,15535538,918022902,7291982,12090956,8359859
1789789927.5735154,3537749,484838107,1067876,15536550,918034765,7292221,12091368,8360098
1789789928.573975,3537749,484838107,1067876,15537246,918042129,7292364,12091700,8360240
1789789929.575097,3537756,484838491,1067878,15537710,918050438,7292476,12091916,8360355
1789789930.5761764,3537756,484838491,1067878,15538822,918062665,7292707,12092436,8360586
1789789931.5767136,3537756,484838491,1067878,15543383,918099153,7294858,12092524,8362737
1789789932.5785396,3537758,484838507,1067879,15544495,918111615,7295124,12093112,8363003
1789789933.579023,3537758,484838507,1067879,15545015,918117128,7295239,12093380,8363119
1789789934.581185,3537758,484838507,1067879,15545613,918124120,7295363,12093648,8363243
1789789935.5816057,3537760,484838523,1067880,15546486,918133471,7295555,12094064,8363435
1789789936.582325,3537760,484838523,1067880,15546725,918136231,7295606,12094168,8363486
1789789937.58279,3537761,484838531,1067880,15547838,918148404,7295821,12094688,8363701
1789789938.5832274,3537766,484838571,1067881,15547839,918148412,7295821,12094696,8363703
1789789939.583635,3537767,484838579,1067881,15548965,918160700,7296026,12095136,8363908
1789789940.5840437,3537767,484838579,1067881,15548967,918160828,7296026,12095140,8363908
1789789941.5844703,3537772,484838619,1067883,15550035,918172560,7296240,12095636,8364123
1789789942.5848827,3537772,484838619,1067883,15550035,918172560,7296240,12095636,8364123
1789789943.585545,3537772,484838619,1067883,15550677,918179207,7296375,12095968,8364258
1789789944.5861309,3537774,484838635,1067883,15551134,918186833,7296478,12096184,8364362
1789789945.5866942,3537774,484838635,1067883,15552183,918198152,7296682,12096652,8364566
1789789946.5871363,3537779,484838675,1067884,15552187,918198296,7296684,12096664,8364569
1789789947.5876217,3537779,484838675,1067884,15553635,918218788,7296966,12097212,8364851
1789789948.5880578,3537779,484838675,1067884,15553635,918218788,7296966,12097212,8364851
1789789949.5897954,3537792,484839363,1067889,15554998,918233130,7297226,12097780,8365115
1789789950.5917192,3537796,484839419,1067890,15555000,918233154,7297227,12097796,8365117
1789789951.592119,3537796,484839419,1067890,15556418,918248238,7297503,12098408,8365393
1789789952.5927744,3537798,484839435,1067891,15556764,918254146,7297688,12098560,8365579
1789789953.5931869,3537799,484839443,1067891,15557823,918265719,7297885,12098976,8365777
1789789954.594499,3537800,484839451,1067891,15558846,918276665,7298070,12099452,8365961
1789789955.595082,3537802,484839467,1067892,15558939,918277876,7298087,12099504,8365980
1789789956.595623,3537802,484839467,1067892,15560055,918290349,7298318,12100068,8366210
1789789957.5977187,3537802,484839467,1067892,15560118,918290983,7298333,12100116,8366225
1789789958.5981228,3537803,484839475,1067892,15561222,918303819,7298687,12100676,8366580
1789789959.5993564,3537803,484839475,1067892,15561296,918304481,7298704,12100716,8366596
1789789960.601748,3537803,484839475,1067892,15561296,918304481,7298704,12100716,8366596
1789789961.6024022,3537805,484839491,1067893,15561298,918304505,7298704,12100724,8366598
1789789962.6028464,3537805,484839491,1067893,15565070,918338035,7299469,12101284,8367362
1789789963.6033983,3537805,484839491,1067893,15565072,918338139,7299470,12101292,8367363
1789789964.6037872,3537807,484839507,1067893,15566184,918350354,7299708,12101868,8367602
1789789965.6044068,3537807,484839507,1067893,15566184,918350354,7299708,12101868,8367602
1789789966.6048844,3537810,484839779,1067894,15567304,918362649,7299929,12102412,8367824
1789789967.6061444,3537810,484839779,1067894,15568334,918382271,7300412,12102724,8368306
1789789968.6066194,3537810,484839779,1067894,15568834,918387916,7300532,12102968,8368427
1789789969.6076229,3537813,484839819,1067895,15569882,918399526,7300757,12103512,8368653
1789789970.613615,3537814,484839835,1067896,15569958,918400469,7300773,12103556,8368670
1789789971.6140966,3537814,484839835,1067896,15570811,918409844,7300966,12104048,8368862
1789789972.6144934,3537817,484839859,1067897,15571154,918413725,7301038,12104236,8368935
1789789973.6149175,3537817,484839859,1067897,15572347,918427117,7301293,12104732,8369190
1789789974.6154926,3537817,484839859,1067897,15572350,918427277,7301294,12104736,8369191
1789789975.615885,3537819,484839875,1067897,15573544,918440513,7301523,12105232,8369421
1789789976.616314,3537819,484839875,1067897,15573544,918440513,7301523,12105232,8369421
1789789977.6167276,3537819,484839875,1067897,15574740,918453787,7301767,12105780,8369664
1789789978.618428,3537821,484839891,1067898,15574742,918453827,7301767,12105788,8369666
1789789979.6189692,3537822,484839899,1067898,15575944,918467240,7302001,12106296,8369900
1789789980.6195197,3537824,484839915,1067898,15576414,918472445,7302085,12106512,8369983
1789789981.6200879,3537824,484839915,1067898,15577138,918480713,7302213,12106836,8370112
1789789982.6205084,3537825,484839923,1067899,15578027,918490591,7302379,12107232,8370278
1789789983.6210222,3537827,484839939,1067899,15578282,918494580,7302445,12107340,8370345
1789789984.622528,3537827,484839939,1067899,15579317,918506360,7302675,12107956,8370575
1789789985.6232522,3537828,484839947,1067900,15579478,918508111,7302714,12108064,8370614
1789789986.6237051,3537830,484839963,1067900,15580512,918519873,7302920,12108532,8370821
1789789987.6242483,3537831,484840155,1067901,15581190,918527333,7303056,12108860,8370957
1789789988.6247113,3537831,484840155,1067901,15585881,918567409,7305093,12109136,8372994
1789789989.6314027,3537833,484840171,1067901,15587060,918582956,7305343,12109640,8373245
1789789990.633003,3537833,484840171,1067901,15587060,918582956,7305343,12109640,8373245
1789789991.6334877,3537833,484840171,1067901,15588177,918595568,7305585,12110176,8373487
1789789992.6341844,3537835,484840187,1067902,15588409,918598271,7305635,12110304,8373537
1789789993.6346579,3537835,484840187,1067902,15589295,918608173,7305816,12110696,8373719
1789789994.635587,3537835,484840187,1067902,15589923,918615085,7305949,12110996,8373852
1789789995.6363115,3537835,484840187,1067902,15590407,918620848,7306059,12111224,8373962
1789789996.636769,3537835,484840187,1067902,15591519,918633392,7306279,12111744,8374181
1789789997.6374097,3537835,484840187,1067902,15591521,918633496,7306280,12111748,8374182
1789789998.637829,3537839,484840219,1067903,15592641,918656311,7306509,12112268,8374412
1789789999.6384056,3537839,484840219,1067903,15592653,918656445,7306513,12112280,8374416
1789790000.6389205,3537839,484840219,1067903,15593734,918668801,7306715,12112732,8374618
1789790001.639338,3537840,484840227,1067903,15593765,918669186,7306726,12112752,8374630
1789790002.640136,3537841,484840235,1067904,15593765,918669186,7306726,12112756,8374631
1789790003.6406093,3537842,484840243,1067904,15593767,918669306,7306727,12112764,8374632
1789790004.6412172,3537842,484840243,1067904,15594504,918680341,7306883,12113144,8374788
1789790005.6416585,3537842,484840243,1067904,15594866,918684618,7306953,12113296,8374857
1789790006.6421084,3537843,484840251,1067905,15595890,918696778,7307146,12113788,8375051
1789790007.6455774,3537843,484840251,1067905,15595975,918697789,7307164,12113876,8375069
1789790008.646007,3537845,484840267,1067905,15596917,918709041,7307349,12114308,8375255
1789790009.6464458,3537846,484840275,1067906,15597467,918715520,7307470,12114648,8375376
1789790010.6468408,3537847,484840283,1067906,15597953,918721360,7307578,12114900,8375485
1789790011.647322,3537849,484840299,1067906,15599005,918735631,7307801,12115408,8375708
1789790012.647823,3537849,484840299,1067906,15599005,918735631,7307801,12115408,8375708
1789790013.6482685,3537849,484840299,1067906,15600085,918750509,7308103,12115984,8376010
1789790014.6487331,3537851,484840315,1067907,15600089,918750549,7308104,12115996,8376012
1789790015.6491482,3537851,484840315,1067907,15601116,918762956,7308328,12116528,8376235
1789790016.6520855,3537852,484840323,1067908,15601350,918765438,7308384,12116688,8376292
1789790017.653351,3537858,484840411,1067909,15602816,918780250,7308677,12117320,8376587
1789790018.654008,3537858,484840411,1067909,15603111,918783492,7308743,12117484,8376653
1789790019.6546342,3537860,484840675,1067909,15604022,918794034,7308925,12117908,8376835
1789790020.6551325,3537863,484840699,1067910,15604537,918799920,7309089,12118152,8377000
1789790021.6556077,3537865,484840723,1067911,15605271,918808488,7309250,12118504,8377162
1789790022.656464,3537865,484840723,1067911,15606122,918817957,7309414,12118872,8377326
1789790023.6568582,3537867,484840739,1067912,15606470,918822085,7309483,12119020,8377395
1789790024.6573672,3537868,484840755,1067912,15611508,918866220,7311376,12119596,8379288
1789790025.6577642,3537870,484840771,1067912,15611508,918866220,7311376,12119600,8379289
1789790026.6582043,3537870,484840771,1067912,15612732,918881139,7311638,12120156,8379551
1789790027.659152,3537873,484840795,1067913,15612733,918881147,7311638,12120164,8379552
1789790028.6613903,3537876,484840819,1067914,15612735,918881251,7311639,12120172,8379554
1789790029.6617837,3537876,484840819,1067914,15612752,918887263,7311650,12120184,8379564
1789790030.6621854,3537879,484840851,1067915,15613946,918900569,7311884,12120688,8379800
1789790031.6626704,3537881,484840867,1067916,15614186,918903080,7311932,12120804,8379848
1789790032.663064,3537882,484840891,1067916,15615141,918913842,7312110,12121196,8380027
1789790033.6735878,3537882,484840891,1067916,15615626,918919008,7312211,12121492,8380128
1789790034.674062,3537884,484840907,1067917,15616339,918926915,7312372,12121916,8380289
1789790035.6775675,3537884,484840907,1067917,15617533,918939756,7312587,12122400,8380504
1789790036.6780329,3537885,484840915,1067917,15617533,918939756,7312587,12122404,8380505
1789790037.6784556,3537887,484840931,1067917,15618729,918952711,7312815,12122908,8380733
1789790038.678954,3537887,484840931,1067917,15619005,918955581,7312863,12123028,8380781
1789790039.67938,3537887,484840931,1067917,15619938,918966031,7313044,12123448,8380961
1789790040.6798434,3537889,484840947,1067918,15621125,918979125,7313274,12123964,8381192
1789790041.680312,3537889,484840947,1067918,15621131,918979200,7313275,12123968,8381194
1789790042.683285,3537889,484840947,1067918,15621299,918980959,7313308,12124064,8381227
1789790043.6837666,3537890,484840955,1067918,15622326,918992556,7313499,12124460,8381418
1789790044.6841354,3537890,484840955,1067918,15623275,919003125,7313672,12124876,8381591
1789790045.6845334,3537890,484840955,1067918,15623450,919005468,7313705,12124964,8381624
1789790046.6849904,3537891,484840963,1067918,15624562,919018335,7313927,12125468,8381846
1789790047.6855698,3537891,484840963,1067918,15624654,919019153,7313947,12125528,8381866
1789790048.6860867,3537893,484840979,1067919,15625759,919031979,7314157,12126000,8382076
1789790049.6895537,3537893,484840979,1067919,15630462,919088716,7316231,12126376,8384151
1789790050.689968,3537893,484840979,1067919,15630981,919095255,7316364,12126580,8384284
1789790051.6904197,3537895,484840995,1067920,15632176,919108904,7316604,12127084,8384525
1789790052.6908872,3537895,484840995,1067920,15632178,919108920,7316605,12127088,8384525
1789790053.6913865,3537895,484840995,1067920,15633370,919122335,7316826,12127600,8384746
1789790054.6918066,3537897,484841011,1067920,15634085,919130214,7316956,12127912,8384877
1789790055.6921961,3537897,484841011,1067920,15634485,919134865,7317029,12128076,8384950
1789790056.6927512,3537897,484841011,1067920,15634485,919134865,7317029,12128076,8384950
1789790057.697727,3537899,484841027,1067921,15634487,919134969,7317030,12128088,8384951
1789790058.6981375,3537899,484841027,1067921,15635408,919145073,7317220,12128508,8385141
1789790059.6985953,3537901,484841043,1067922,15635600,919147456,7317260,12128608,8385182
1789790060.6990144,3537903,484841059,1067922,15635600,919147456,7317260,12128612,8385183
1789790061.6994927,3537903,484841059,1067922,15635600,919147456,7317260,12128612,8385183
1789790062.700008,3537904,484841067,1067923,15636648,919159082,7317485,12129100,8385408
1789790063.7004173,3537906,484841083,1067923,15636704,919159759,7317495,12129128,8385418
1789790064.7008362,3537906,484841083,1067923,15636731,919162895,7317505,12129132,8385428
1789790065.7013626,3537911,484841123,1067925,15636733,919162919,7317505,12129148,8385431
1789790066.7018223,3537912,484841131,1067926,15637834,919174984,7317728,12129640,8385654
1789790067.7043655,3537912,484841131,1067926,15637834,919174984,7317728,12129640,8385654
1789790068.7096016,3537914,484841147,1067926,15637898,919175619,7317740,12129680,8385667
1789790069.71002,3537914,484841147,1067926,15637908,919175717,7317743,12129688,8385670
1789790070.710394,3537915,484841155,1067927,15638951,919187250,7317955,12130184,8385883
1789790071.7108104,3537915,484841155,1067927,15638951,919187250,7317955,12130184,8385883
1789790072.7112846,3537915,484841155,1067927,15639027,919187908,7317974,12130232,8385901
1789790073.711807,3537915,484841155,1067927,15639030,919188068,7317976,12130236,8385903
1789790074.712214,3537917,484841171,1067927,15639655,919194922,7318090,12130484,8386018
1789790075.7128024,3537918,484841211,1067928,15640100,919201744,7318203,12130644,8386131
1789790076.7149422,3537927,484841291,1067930,15640151,919202155,7318224,12130700,8386155
1789790077.7154586,3537931,484841323,1067932,15640151,919202155,7318224,12130708,8386156
1789790078.7159536,3537951,484843587,1067939,15640152,919202163,7318225,12130728,8386164
1789790079.7166533,3538003,484849203,1067955,15641217,919213936,7318430,12131196,8386385
1789790080.717164,3538005,484849219,1067955,15644034,919241044,7319876,12131472,8387832
1789790081.7180648,3538005,484849219,1067955,15644437,919247354,7320000,12131656,8387956
1789790082.7216525,3538007,484849235,1067956,15644437,919247354,7320000,12131660,8387957
1789790083.7221298,3538038,484852523,1067967,15644863,919251879,7320087,12131884,8388055
1789790084.7225683,3538038,484852523,1067967,15645126,919254620,7320140,12132008,8388108
1789790085.7230952,3538041,484852547,1067969,15645966,919264015,7320290,12132296,8388259
1789790086.7256358,3538041,484852547,1067969,15645967,919264023,7320291,12132304,8388260
1789790087.7261577,3538041,484852547,1067969,15645971,919264063,7320293,12132304,8388262
1789790088.7265723,3538043,484852563,1067969,15645971,919264063,7320293,12132308,8388263
1789790089.7269833,3538043,484852563,1067969,15646264,919267111,7320356,12132452,8388325
1789790090.7274168,3538043,484852563,1067969,15646928,919274194,7320488,12132716,8388458
1789790091.7296028,3538045,484852579,1067970,15646928,919274194,7320488,12132720,8388458
1789790092.730038,3538045,484852579,1067970,15647089,919276239,7320521,12132792,8388492
1789790093.7304606,3538046,484852587,1067970,15647405,919279559,7320585,12132932,8388555
1789790094.7313106,3538048,484852603,1067971,15648190,919288135,7320734,12133244,8388705
1789790095.7335632,3538049,484852611,1067971,15648191,919288143,7320734,12133252,8388706
1789790096.7339852,3538051,484852627,1067972,15648193,919288247,7320735,12133260,8388708
1789790097.7352123,3538051,484852627,1067972,15648365,919290001,7320770,12133340,8388742
1789790098.73762,3538052,484852635,1067972,15649164,919298773,7320946,12133760,8388919
1789790099.7381165,3538054,484852651,1067973,15649174,919298871,7320949,12133780,8388922
1789790100.738629,3538054,484852651,1067973,15649281,919300268,7320970,12133836,8388943
1789790101.7391863,3538054,484852651,1067973,15649310,919300659,7320978,12133852,8388951
1789790102.739919,3538056,484852667,1067973,15650410,919312874,7321197,12134360,8389171
1789790103.7405112,3538057,484852747,1067974,15650412,919312898,7321198,12134368,8389172
1789790104.7457094,3538059,484852771,1067975,15650412,919312898,7321198,12134372,8389173
1789790105.7462134,3538061,484852787,1067975,15650415,919312946,7321199,12134384,8389175
1789790106.7467444,3538061,484852787,1067975,15651473,919325034,7321405,12134852,8389381
1789790107.7473202,3538064,484852819,1067976,15651475,919325138,7321406,12134864,8389382
1789790108.7478168,3538064,484852819,1067976,15651505,919327834,7321417,12134872,8389394
1789790109.7482753,3538068,484852971,1067978,15651515,919327936,7321420,12134888,8389398
1789790110.7535977,3538071,484853019,1067979,15652544,919339533,7321631,12135388,8389610
1789790111.754128,3538071,484853019,1067979,15653519,919349701,7322220,12135436,8390200
1789790112.7546465,3538071,484853019,1067979,15653570,919350722,7322269,12135444,8390248
1789790113.7552958,3538073,484853035,1067979,15653570,919350722,7322269,12135448,8390249
1789790114.7557611,3538074,484853043,1067980,15653572,919350746,7322270,12135456,8390250
1789790115.756192,3538075,484853051,1067981,15654602,919362250,7322483,12135952,8390464
1789790116.7566772,3538077,484853067,1067981,15655178,919366858,7322840,12135984,8390822
1789790117.757173,3538077,484853067,1067981,15655179,919366866,7322840,12135988,8390822
1789790118.75764,3538077,484853067,1067981,15655181,919366970,7322841,12135992,8390823
1789790119.758069,3538081,484853299,1067983,15656254,919381555,7323049,12136396,8391032
1789790120.7616665,3538081,484853299,1067983,15656254,919381555,7323049,12136396,8391032
1789790121.7621834,3538081,484853299,1067983,15656254,919381555,7323049,12136396,8391032
1789790122.7625988,3538083,484853315,1067983,15656254,919381555,7323049,12136400,8391033
1789790123.763043,3538083,484853315,1067983,15656254,919381555,7323049,12136400,8391033
1789790124.7634633,3538083,484853315,1067983,15656652,919386029,7323131,12136588,8391115
1789790125.763984,3538085,484853331,1067984,15657316,919395848,7323279,12136880,8391263
1789790126.7656093,3538085,484853331,1067984,15657317,919395856,7323279,12136884,8391263
1789790127.766065,3538085,484853331,1067984,15657317,919395856,7323279,12136884,8391263
1789790128.7665157,3538087,484853347,1067984,15657604,919398975,7323339,12137020,8391324
1789790129.7735844,3538087,484853347,1067984,15658354,919407576,7323478,12137308,8391463
1789790130.7739882,3538090,484853371,1067985,15658358,919407704,7323480,12137320,8391465
1789790131.7744405,3538092,484853387,1067986,15658359,919407720,7323480,12137328,8391466
1789790132.7748895,3538092,484853387,1067986,15658359,919407720,7323480,12137328,8391466
1789790133.775358,3538092,484853387,1067986,15659383,919419361,7323682,12137788,8391668
1789790134.7757485,3538094,484853403,1067987,15659385,919419385,7323683,12137796,8391670
1789790135.7761939,3538094,484853403,1067987,15659385,919419385,7323683,12137796,8391670
1789790136.7767937,3538094,484853403,1067987,15661174,919433857,7325036,12137968,8393023
1789790137.777257,3538096,484853419,1067987,15661627,919438957,7325143,12138252,8393131
1789790138.7776973,3538096,484853419,1067987,15662203,919445429,7325289,12138676,8393277
1789790139.781582,3538098,484853435,1067988,15662223,919445596,7325295,12138704,8393284
1789790140.7820551,3538098,484853435,1067988,15662223,919445596,7325295,12138704,8393284
1789790141.7825751,3538098,484853435,1067988,15662226,919445636,7325296,12138712,8393285
1789790142.7830677,3538100,484853451,1067989,15662261,919446467,7325322,12138724,8393311
1789790143.7836432,3538100,484853451,1067989,15663973,919462690,7325636,12139308,8393626
1789790144.7856276,3538100,484853451,1067989,15664574,919468790,7325743,12139520,8393732
1789790145.786058,3538102,484853467,1067989,15664574,919468790,7325743,12139524,8393733
1789790146.7865288,3538103,484853475,1067990,15664575,919468798,7325743,12139532,8393734
1789790147.787027,3538103,484853475,1067990,15665175,919477493,7325856,12139776,8393846
1789790148.787473,3538105,484853491,1067990,15665400,919479857,7325897,12139892,8393888
1789790149.7895763,3538105,484853491,1067990,15665698,919482901,7325953,12140008,8393944
1789790150.7900083,3538105,484853491,1067990,15665698,919482901,7325953,12140008,8393944
1789790151.7903888,3538107,484853507,1067991,15666379,919490490,7326082,12140276,8394074
1789790152.7945862,3538109,484853531,1067992,15666382,919490530,7326083,12140284,8394076
1789790153.7955341,3538110,484853539,1067993,15666925,919496259,7326176,12140480,8394169
1789790154.7959504,3538112,484853555,1067993,15666925,919496259,7326176,12140484,8394169
1789790155.7963743,3538112,484853555,1067993,15667577,919503525,7326295,12140724,8394289
1789790156.796822,3538114,484853571,1067994,15667578,919503581,7326296,12140732,8394290
1789790157.7981865,3538114,484853571,1067994,15667799,919505806,7326338,12140828,8394332
1789790158.7986424,3538114,484853571,1067994,15667801,919505830,7326339,12140832,8394333
1789790159.7990794,3538116,484853587,1067995,15667935,919507352,7326365,12140908,8394360
1789790160.7995327,3538116,484853587,1067995,15668786,919516606,7326523,12141268,8394518
1789790161.8027618,3538116,484853587,1067995,15668872,919517393,7326544,12141316,8394539
1789790162.803197,3538118,484853603,1067995,15668873,919517409,7326545,12141324,8394540
1789790163.8037314,3538130,484853915,1067999,15668876,919517441,7326546,12141332,8394545
1789790164.8043754,3538132,484854067,1068000,15669934,919531548,7326764,12141764,8394764
1789790165.804839,3538134,484854083,1068000,15670027,919532431,7326782,12141820,8394783
1789790166.805385,3538134,484854083,1068000,15670027,919532431,7326782,12141820,8394783
1789790167.809679,3538136,484854099,1068001,15670028,919532455,7326782,12141828,8394784
1789790168.8101757,3538136,484854099,1068001,15671048,919543428,7326966,12142200,8394968
1789790169.8106632,3538170,484854547,1068010,15671061,919543557,7326970,12142236,8394981
1789790170.8111544,3538175,484854755,1068012,15671063,919543661,7326971,12142252,8394983
1789790171.8116362,3538180,484854795,1068013,15671063,919543661,7326971,12142260,8394985
1789790172.8120222,3538180,484854795,1068013,15673673,919569577,7327641,12142576,8395654
1789790173.8125172,3538182,484854811,1068014,15674242,919576194,7327780,12142808,8395794
1789790174.813047,3538182,484854811,1068014,15674245,919576226,7327782,12142816,8395796
1789790175.8136861,3538183,484854819,1068014,15674248,919576386,7327783,12142824,8395797
1789790176.8176665,3538185,484854835,1068015,15674248,919576386,7327783,12142828,8395798
1789790177.8181589,3538185,484854835,1068015,15675385,919590321,7328027,12143300,8396042
1789790178.8185802,3538185,484854835,1068015,15675457,919590928,7328048,12143352,8396064
1789790179.8190734,3538187,484854851,1068015,15675467,919591028,7328053,12143372,8396069
1789790180.819541,3538187,484854851,1068015,15675469,919591052,7328054,12143376,8396070
1789790181.8200777,3538187,484854851,1068015,15675471,919591156,7328056,12143380,8396072
1789790182.820526,3538193,484855003,1068018,15677667,919614242,7328473,12144172,8396491
1789790183.8210464,3538198,484855123,1068020,15678741,919625977,7328676,12144596,8396696
1789790184.821571,3538198,484855123,1068020,15678771,919628497,7328694,12144600,8396714
1789790185.822031,3538200,484855139,1068020,15678773,919628521,7328695,12144608,8396716
1789790186.8226686,3538200,484855139,1068020,15678774,919628529,7328695,12144612,8396716
1789790187.8231957,3538202,484855155,1068021,15678776,919628633,7328696,12144620,8396718
1789790188.8237474,3538202,484855155,1068021,15678816,919630217,7328717,12144624,8396739
1789790189.8242297,3538202,484855155,1068021,15678828,919630353,7328721,12144636,8396743
1789790190.8247185,3538204,484855171,1068022,15678828,919630353,7328721,12144640,8396743
1789790191.8252318,3538204,484855171,1068022,15678830,919630377,7328722,12144644,8396744
1789790192.8257687,3538204,484855171,1068022,15678830,919630377,7328722,12144644,8396744
1789790193.82635,3538205,484855179,1068022,15678834,919630505,7328723,12144664,8396746
1789790194.826813,3538205,484855179,1068022,15678835,919630513,7328723,12144668,8396746
1789790195.8272436,3538205,484855179,1068022,15678835,919630513,7328723,12144668,8396746
1789790196.8277183,3538205,484855179,1068022,15678838,919630545,7328725,12144676,8396748
1789790197.828168,3538211,484855259,1068024,15678839,919630601,7328725,12144684,8396750
1789790198.8286314,3538211,484855259,1068024,15680126,919641265,7328948,12144724,8396973
1789790199.829086,3538213,484855275,1068025,15680136,919641371,7328951,12144736,8396976
1789790200.8296926,3538213,484855275,1068025,15680137,919641379,7328951,12144740,8396977
1789790201.8302414,3538213,484855275,1068025,15680137,919641379,7328951,12144740,8396977
1789790202.8307033,3538222,484856283,1068028,15680139,919641403,7328952,12144768,8396981
1789790203.8312423,3538222,484856283,1068028,15680139,919641403,7328952,12144768,8396981
1789790204.8316853,3538224,484856299,1068029,15680170,919642101,7328965,12144784,8396994
1789790205.8321426,3538224,484856299,1068029,15680170,919642101,7328965,12144784,8396994
1789790206.8325746,3538232,484856379,1068031,15680170,919642101,7328965,12144792,8396997
1789790207.8330545,3538234,484856395,1068032,15680172,919642125,7328966,12144800,8396998
1789790208.8335373,3538234,484856395,1068032,15680178,919642197,7328969,12144808,8397001
1789790209.8340876,3538234,484856395,1068032,15680188,919642302,7328972,12144816,8397004
1789790210.8345373,3538240,484856443,1068034,15680190,919642406,7328972,12144828,8397007
1789790211.8350089,3538240,484856443,1068034,15680190,919642406,7328972,12144828,8397007
1789790212.8355842,3538240,484856443,1068034,15680190,919642406,7328972,12144828,8397007
1789790213.8360584,3538244,484856667,1068036,15680196,919642478,7328975,12144844,8397011
1789790214.836651,3538244,484856667,1068036,15680196,919642478,7328975,12144844,8397011
1789790215.8370726,3538245,484856675,1068036,15680199,919642606,7328976,12144856,8397013
1789790216.837622,3538247,484856691,1068037,15680199,919642606,7328976,12144860,8397013
1789790217.8380623,3538247,484856691,1068037,15680199,919642606,7328976,12144860,8397013
1789790218.8385456,3538249,484856707,1068037,15680240,919645438,7328987,12144876,8397025
1789790219.8392024,3538249,484856707,1068037,15680253,919645593,7328991,12144888,8397028
1789790220.839658,3538338,484862899,1068063,15680256,919645806,7328992,12144988,8397056
1789790221.840114,3538342,484863075,1068064,15680258,919645910,7328993,12145000,8397058
1789790222.840561,3538342,484863075,1068064,15680258,919645910,7328993,12145000,8397058
1789790223.8410275,3538344,484863123,1068065,15680264,919645966,7328995,12145012,8397060
1789790224.8415484,3538346,484863139,1068066,15680267,919646006,7328996,12145020,8397062
1789790225.8419943,3538423,484865875,1068090,15680268,919646014,7328996,12145116,8397086
1789790226.8424673,3538423,484865875,1068090,15680270,919646118,7328997,12145120,8397087
1789790227.8430283,3538425,484865891,1068090,15680270,919646118,7328997,12145128,8397088
1789790228.8435347,3538425,484865891,1068090,15680307,919648838,7329004,12145132,8397095
1789790229.8439832,3538425,484865891,1068090,15680320,919649015,7329009,12145144,8397100
1789790230.8445044,3538427,484865907,1068091,15680320,919649015,7329009,12145152,8397101
1789790231.8450034,3538427,484865907,1068091,15680320,919649015,7329009,12145152,8397101
1789790232.845499,3538427,484865907,1068091,15680322,919649119,7329009,12145156,8397101
1789790233.8459466,3538430,484866067,1068092,15680322,919649119,7329009,12145168,8397102
1789790234.8463702,3538430,484866067,1068092,15680382,919650242,7329041,12145176,8397133
1789790235.8469408,3538438,484866723,1068095,15680387,919650402,7329043,12145196,8397138
1789790236.8473995,3538440,484866739,1068095,15680387,919650402,7329043,12145200,8397139
1789790237.8478937,3538442,484866755,1068096,15680388,919650410,7329043,12145208,8397140
1789790238.8484025,3538444,484866771,1068097,15680390,919650514,7329044,12145216,8397141
1789790239.8488464,3538447,484866835,1068098,15680409,919650762,7329050,12145240,8397148
1789790240.8493164,3538447,484866835,1068098,15680412,919650810,7329051,12145244,8397149
1789790241.8498213,3538457,484867083,1068101,15680412,919650810,7329051,12145264,8397153
1789790242.8503282,3538457,484867083,1068101,15680412,919650810,7329051,12145264,8397153
1789790243.8507864,3538462,484867155,1068103,15680485,919825176,7329292,12145300,8397396
1789790244.8512688,3538464,484867171,1068104,15680532,919829408,7329307,12145316,8397411
