engine,run_label,total_ms,chunks,finding
Orion v2.1,7 workers,132949,6400,#33
Orion v2.2,7 workers + scatter-order,136583,6400,#35
Leaf,"sustained, 58081 chunks",1147310,58081,#19
Paper,"sustained, 58081 chunks",1218200,58081,#19
Leaf-crack,block-sequential drag race,134030,6561,#31
Orion v2.1,interleaved round 1,147586,6400,#32
Orion v2.2,4 workers + scatter-order,146021,6400,#35
Leaf,block-sequential drag race,146140,6561,#31
Paper,interleaved round 2,154280,6561,#32
Paper,interleaved round 3,155200,6561,#32
Leaf-crack,original drag race,151760,6561,#18
Orion v2.1,interleaved round 2,150974,6400,#32
Orion v2.1,interleaved round 3,151637,6400,#32
Orion v2.1,fresh 4-worker baseline,148775,6400,#33
Paper,original drag race,153770,6561,#18
Orion v2.1,block-sequential drag race,153323,6400,#31
Leaf,original drag race,154670,6561,#18
Orion v2.1,champion JFR run,153496,6400,#30
Paper,block-sequential drag race,170270,6561,#31
Paper,interleaved round 1,163320,6561,#32
Orion v2,7 workers,164990,6400,#26
Orion v2,champion JFR baseline,171512,6400,#27
Orion v2,poll backoff,172061,6400,#28
Orion v2,completions-gated poll,175422,6400,#29
Orion v2,original champion,176145,6400,#26
Mosaic,7 workers,225093,6400,#26
Mosaic,original drag race,229674,6400,#18
Mosaic,champion baseline,232213,6400,#26
Mosaic,"sustained, tile=5",244316,6400,#19
Mosaic,"sustained, tile=10 (25600 chunks)",980512,25600,#19
Orion v1,champion,288270,6400,#24
Orion v2.1,"7 workers, tile 6 (9216 chunks)",188157,9216,#39
Orion v2.2,"7 workers, tile 6 (9216 chunks)",191976,9216,#39
Orion v2.1,7w tile5 poll-decouple,135215,6400,#41
Orion v2.2,7w tile5 poll-decouple,133864,6400,#41
Orion v2.1,7w tile5 maxInFlight=8,143876,6400,#42
Orion v2.1,7w tile5 maxInFlight=16,132773,6400,#42
Orion v2.1,7w tile5 maxInFlight=32,136088,6400,#42
Orion v2.1,7w tile5 maxInFlight=64,135708,6400,#42
Orion v2.2,7w tile5 maxInFlight=8,136191,6400,#42
Orion v2.2,7w tile5 maxInFlight=16,134101,6400,#42
Orion v2.2,7w tile5 maxInFlight=32,139577,6400,#42
Orion v2.2,7w tile5 maxInFlight=64,132609,6400,#42
Orion v2.1,7w tile5 bucketed isSafe,132868,6400,#43
Orion v2.2,7w tile5 bucketed isSafe,137036,6400,#43
Orion v3 (patched),7w tile5 champion (reentrancy patch),133585,6400,#49
Orion v3 (patched),7 workers + tile6 + JFR profile,184660,9216,#50
Orion v2.1,"7 workers + tile5, CPU-traced",139230,6400,#51
Orion v2.2,"7 workers + tile5, CPU-traced",137340,6400,#51
Orion v3 (patched),"7 workers + tile5, CPU-traced",132446,6400,#51
Orion v2.1,champion scale drag race #52,134522,6400,#52
Orion v2.2,champion scale drag race #52,137696,6400,#52
Orion v3,champion scale drag race #52,129478,6400,#52
Paper,champion scale drag race #52,154000,6561,#52
Leaf,champion scale drag race #52,143000,6561,#52
Leaf-on-crack,champion scale drag race #52,160000,6561,#52
orion3,run,128403,6400,
Orion v3 (patched),"champion scale, #53 A/B control",129467,6400,#53
Orion v3.1,"champion scale, #53 A/B patched",130502,6400,#53
Orion v3,"champion scale, #54 waitCeilingMs=50",130484,6400,#54
Orion v3,"champion scale, #54 waitCeilingMs=20",130578,6400,#54
Orion v3,"champion scale, #54 waitCeilingMs=10",129373,6400,#54
Orion v3,"champion scale, 10ms default confirm run 1",130445,6400,#54
Orion v3,"champion scale, 10ms default confirm run 2",128431,6400,#54
Orion v3,"champion scale, #55 generate-structures=true (control)",126516,6400,#55
Orion v3,"champion scale, #55 generate-structures=false",121397,6400,#55
Orion v3,"champion baseline, tile=6 origin, no patches (#59 control)",181639,9216,#59
Orion v4,"champion, structure-gen fix only, DFC off (#59)",187663,9216,#59
Orion v4,"champion + DFC, measured regression (#59)",231184,9216,#59
Orion v4,"champion + DFC, field-based cache, still a regression (#60)",218796,9216,#60
Orion v4,"champion + DFC, monomorphic interpreter, +2.7% vs no-DFC (#61)",192627,9216,#61
Orion v4,"champion + DFC, monomorphic interpreter, replication run 2, +5.9% vs no-DFC (#61)",198734,9216,#61
Orion v5,"Orion v5 smoke (tile 1, verify on, pre status-name fix)",4448,256,#62
Orion v5,"Orion v5 smoke (tile 1, verify on)",4750,256,#62
Orion v5,"Orion v5 smoke (tile 1, verify on)",4731,256,#62
Orion v5,"Orion v5 smoke (tile 1, verify on)",4364,256,#62
Orion v4,"Orion v4 correctness control A (tile 3, histogram-instrumented)",54636,2304,#62
Orion v5,"Orion v5 correctness run A (tile 3, histogram-instrumented)",26157,2304,#62
Orion v4,"Orion v4 correctness control B (tile 3, histogram-instrumented)",55585,2304,#62
Orion v5,"Orion v5 correctness run B (tile 3, histogram + verify)",30465,2304,#62
Orion v4,"Orion v4 champion control, interleaved run 1 (tile 6 origin, CPU-traced)",190632,9216,#62
Orion v5,"Orion v5 champion, interleaved run 1 (tile 6 origin, CPU-traced)",79733,9216,#62
Orion v4,"Orion v4 champion control, interleaved run 2 (tile 6 origin, CPU-traced)",191716,9216,#62
Orion v5,"Orion v5 champion, interleaved run 2 (tile 6 origin, CPU-traced)",75203,9216,#62
Orion v5,"Orion v5 champion + JFR profile (tile 6 origin, #62 lane breakdown)",78096,9216,#62
Orion v5,"Orion v5 champion, orion.maxinflight=256 (tile 6 origin)",78741,9216,#62
Orion v5,"Orion v5 champion, orion.maxinflight=16 (tile 6 origin)",74014,9216,#62
Orion v5,"drag race #63, interleaved round 1 (leg 1)",54845,6400,#63
Paper,"drag race #63, interleaved round 1 (leg 2)",160210,6561,#63
Orion v4,"drag race #63, interleaved round 1 (leg 3)",131587,6400,#63
Leaf,"drag race #63, interleaved round 1 (leg 4)",177320,6561,#63
Paper (7 workers),"drag race #63, interleaved round 1 (leg 5)",55870,6561,#63
Leaf-on-crack,"drag race #63, interleaved round 1 (leg 6)",165230,6561,#63
Paper,"drag race #63, interleaved round 2 (leg 1)",171210,6561,#63
Orion v4,"drag race #63, interleaved round 2 (leg 2)",133558,6400,#63
Leaf,"drag race #63, interleaved round 2 (leg 3)",173240,6561,#63
Paper (7 workers),"drag race #63, interleaved round 2 (leg 4)",60840,6561,#63
Leaf-on-crack,"drag race #63, interleaved round 2 (leg 5)",174300,6561,#63
Orion v5,"drag race #63, interleaved round 2 (leg 6)",56371,6400,#63
Orion v4,"drag race #63, interleaved round 3 (leg 1)",137449,6400,#63
Leaf,"drag race #63, interleaved round 3 (leg 2)",153180,6561,#63
Paper (7 workers),"drag race #63, interleaved round 3 (leg 3)",62890,6561,#63
Leaf-on-crack,"drag race #63, interleaved round 3 (leg 4)",178380,6561,#63
Orion v5,"drag race #63, interleaved round 3 (leg 5)",54006,6400,#63
Paper,"drag race #63, interleaved round 3 (leg 6)",153140,6561,#63
Orion v5,"7-worker drag race #64, round 1 (leg 1)",52685,6400,#64
Paper (7 workers),"7-worker drag race #64, round 1 (leg 2)",60850,6561,#64
Leaf (7 workers),"7-worker drag race #64, round 1 (leg 3)",63890,6561,#64
Leaf-on-crack (7 workers),"7-worker drag race #64, round 1 (leg 4)",62880,6561,#64
Paper (7 workers),"7-worker drag race #64, round 2 (leg 1)",57810,6561,#64
Leaf (7 workers),"7-worker drag race #64, round 2 (leg 2)",55810,6561,#64
Leaf-on-crack (7 workers),"7-worker drag race #64, round 2 (leg 3)",62930,6561,#64
Orion v5,"7-worker drag race #64, round 2 (leg 4)",57536,6400,#64
Leaf (7 workers),"7-worker drag race #64, round 3 (leg 1)",63910,6561,#64
Leaf-on-crack (7 workers),"7-worker drag race #64, round 3 (leg 2)",61920,6561,#64
Orion v5,"7-worker drag race #64, round 3 (leg 3)",59425,6400,#64
Paper (7 workers),"7-worker drag race #64, round 3 (leg 4)",59840,6561,#64
Orion v5,simd66_verify_vanilla_r1 (worker-count diagnostic),18957,1024,#66
Orion v5,simd66_correctness_vanilla_r1,18266,1024,#66
Orion v5.1,simd66_correctness_vector_r1,21649,1024,#66
Orion v5.1,simd66_correctness_scalar_r1,17552,1024,#66
Orion v5,simd66_blocks_vanilla_r1,22253,1024,#66
Orion v5.1,simd66_blocks_vector_r1,20830,1024,#66
Orion v5.1,simd66_blocks_scalar_r1,18605,1024,#66
Orion v5,simd66_t5_vanilla_r1,64801,6400,#66
Orion v5.1,simd66_t5_vector_r1,55265,6400,#66
Orion v5.1,simd66_t5_scalar_r1,62213,6400,#66
Orion v5.1,simd66_t5_vector_r2,57128,6400,#66
Orion v5.1,simd66_t5_scalar_r2,58612,6400,#66
Orion v5,simd66_t5_vanilla_r2,62877,6400,#66
Orion v5.1,simd66_t5_scalar_r3,56893,6400,#66
Orion v5,simd66_t5_vanilla_r3,61812,6400,#66
Orion v5.1,simd66_t5_vector_r3,62756,6400,#66
Orion v5.2,"Perlin #67, round 1 (leg 1)",51491,6400,#67
Orion v5.1,"Perlin #67 control, round 1 (leg 2)",52776,6400,#67
Orion v5.1,"Perlin #67 control, round 2 (leg 1)",52031,6400,#67
Orion v5.2,"Perlin #67, round 2 (leg 2)",51821,6400,#67
Orion v5.2,"Perlin #67, round 3 (leg 1)",53791,6400,#67
Orion v5.1,"Perlin #67 control, round 3 (leg 2)",49757,6400,#67
Orion v5,"Allocation-pressure A/B, round 1",51508,6400,#68
Orion v5,"Allocation-pressure A/B, round 2",50803,6400,#68
Orion v5.3,"Allocation-pressure A/B, round 1",59755,6400,#68
Orion v5.3,"Allocation-pressure A/B, round 2",50350,6400,#68
Orion v5.4,"C1GC champion-scale A/B, round 1",57760,6400,#69
Orion v5.3,"C1GC champion-scale A/B, round 1",52430,6400,#69
Orion v5.3,"C1GC champion-scale A/B, round 2",54561,6400,#69
Orion v5.4,"C1GC champion-scale A/B, round 2",63075,6400,#69
Orion v5.4,"256x256 sustained run, 16g heap, 0 fail, 62464/62464 chunks reclaimed",573361,65536,#69
Orion v5.3,"C1GC batching-fix A/B (finding #69 addendum)",55386,6400,#69
Orion v5.4,"C1GC batching-fix A/B (finding #69 addendum)",58718,6400,#69
Orion v5.4,"#70 set A (pre race fix), round 1",58407,6400,#70
Orion v5.4,"#70 set A (pre race fix), round 2",61556,6400,#70
Orion v5.4,"#70 set A (pre race fix), round 3",56786,6400,#70
Orion v5.5,"#70 set A (pre race fix), cargo build overlapped, round 1",52343,6400,#70
Orion v5.5,"#70 set A (pre race fix), round 2",52423,6400,#70
Orion v5.5,"#70 set A (pre race fix), round 3",52696,6400,#70
Orion v5.3,"#70 ablation set B (pre race fix), round 1",54665,6400,#70
Orion v5.3,"#70 ablation set B (pre race fix), round 2",54697,6400,#70
Orion v5.4,"#70 ablation set B (pre race fix), round 1",63438,6400,#70
Orion v5.4,"#70 ablation set B (pre race fix), round 2",56912,6400,#70
Orion v5.5,"#70 ablation set B (pre race fix), round 1",55384,6400,#70
Orion v5.5,"#70 ablation set B (pre race fix), round 2",52592,6400,#70
Orion v5.5,"#70 ablation set B (pre race fix), pressure=0, round 1",58471,6400,#70
Orion v5.3,"#70 set C (race fix), round 1",51701,6400,#70
Orion v5.3,"#70 set C (race fix), round 2",52886,6400,#70
Orion v5.3,"#70 set C (race fix), round 3",62263,6400,#70
Orion v5.4,"#70 set C (race fix), round 1",57013,6400,#70
Orion v5.4,"#70 set C (race fix), round 2",63092,6400,#70
Orion v5.4,"#70 set C (race fix), round 3",58010,6400,#70
Orion v5.5,"#70 set C (race fix), round 1",52285,6400,#70
Orion v5.5,"#70 set C (race fix), round 2",52070,6400,#70
Orion v5.5,"#70 set C (race fix), round 3",49948,6400,#70
Orion v5.5,"#70 set C (race fix), pressure=0, round 1",59735,6400,#70
Orion v5.5,"#70 set C (race fix), pressure=0, round 2",56120,6400,#70
Orion v5.5,"#70 set C (race fix), pressure=0, round 3",55808,6400,#70
Orion v5.4,"#70 set D (final code), round 1",57498,6400,#70
Orion v5.4,"#70 set D (final code), round 2",58461,6400,#70
Orion v5.5,"#70 set D (final code), round 1",53174,6400,#70
Orion v5.5,"#70 set D (final code), round 2",51787,6400,#70
Orion v5.5,"#70 256x256 (collectionUsage trigger, superseded), round 1",1151708,65536,#70
Orion v5.4,"#70 256x256, round 1",581520,65536,#70
Orion v5.5,"#70 256x256, round 2",546059,65536,#70
Orion v5.4,"#70 256x256, round 3",513438,65536,#70
Orion v5.5,"#70 256x256, round 3",518565,65536,#70
Orion v5.5,"#71 256x256, JFR-profiled + disk-polled",584038,65536,#71
Orion v5.6,"Noise baseline (Orion 5.6, run 0)",54529,6400,75
Orion v5.6,"Surface and biome JFR profile (Orion 5.6, pass 0, run 1)",56917,6400,75
Orion v5.6,"Structure scheduling utilization check (Orion 5.6, run 1)",48666,6400,75
Orion v5.6,"Structure scheduling diagnostic (Orion 5.6, run 1)",53954,6400,75
Orion v5.6,"Surface and biome JFR profile (Orion 5.6, pass 1, run 1)",53351,6400,75
Orion v5.6,"Structure lock scheduling (Orion 5.6 control, block 1, pair 1)",48169,6400,75
Experiment,"[structure lane] Structure lock scheduling (candidate, block 1, pair 1)",47824,6400,75
Experiment,"[structure lane] Structure lock scheduling (candidate, block 1, pair 2)",49867,6400,75
Orion v5.6,"Structure lock scheduling (Orion 5.6 control, block 1, pair 2)",53182,6400,75
Orion v5.6,"Structure lock scheduling (Orion 5.6 control, block 1, pair 3)",48197,6400,75
Experiment,"[structure lane] Structure lock scheduling (candidate, block 1, pair 3)",49474,6400,75
Experiment,"[structure lane] Structure lock scheduling (candidate, block 1, pair 4)",48146,6400,75
Orion v5.6,"Structure lock scheduling (Orion 5.6 control, block 1, pair 4)",47977,6400,75
Orion v5.6,"Structure lock scheduling (Orion 5.6 control, block 1, pair 5)",48915,6400,75
Experiment,"[structure lane] Structure lock scheduling (candidate, block 1, pair 5)",52558,6400,75
Orion v5.6,"Noise router identity memo (Orion 5.6 control, block 1, pair 1)",49039,6400,75
Experiment,"[mapAll memo] Noise router identity memo (candidate, block 1, pair 1)",49677,6400,75
Experiment,"[mapAll memo] Noise router identity memo (candidate, block 1, pair 2)",48758,6400,75
Orion v5.6,"Noise router identity memo (Orion 5.6 control, block 1, pair 2)",47649,6400,75
Orion v5.6,"Noise router identity memo (Orion 5.6 control, block 1, pair 3)",51114,6400,75
Experiment,"[mapAll memo] Noise router identity memo (candidate, block 1, pair 3)",49169,6400,75
Experiment,"[mapAll memo] Noise router identity memo (candidate, block 1, pair 4)",49296,6400,75
Orion v5.6,"Noise router identity memo (Orion 5.6 control, block 1, pair 4)",49793,6400,75
Orion v5.6,"Noise router identity memo (Orion 5.6 control, block 1, pair 5)",48819,6400,75
Experiment,"[mapAll memo] Noise router identity memo (candidate, block 1, pair 5)",45386,6400,75
Orion v5.6,"Surface and biome optimizations (Orion 5.6 control, block 1, pair 1)",50344,6400,75
Experiment,"[surface+biome patches] Surface and biome optimizations (candidate, block 1, pair 1)",45714,6400,75
Experiment,"[surface+biome patches] Surface and biome optimizations (candidate, block 1, pair 2)",44261,6400,75
Orion v5.6,"Surface and biome optimizations (Orion 5.6 control, block 1, pair 2)",48837,6400,75
Orion v5.6,"Surface and biome optimizations (Orion 5.6 control, block 1, pair 3)",47303,6400,75
Experiment,"[surface+biome patches] Surface and biome optimizations (candidate, block 1, pair 3)",47317,6400,75
Experiment,"[surface+biome patches] Surface and biome optimizations (candidate, block 1, pair 4)",47458,6400,75
Orion v5.6,"Surface and biome optimizations (Orion 5.6 control, block 1, pair 4)",46714,6400,75
Orion v5.6,"Surface and biome optimizations (Orion 5.6 control, block 1, pair 5)",50719,6400,75
Experiment,"[surface+biome patches] Surface and biome optimizations (candidate, block 1, pair 5)",46065,6400,75
Orion v5.6,"Surface and biome optimizations (Orion 5.6 control, block 2, pair 1)",47669,6400,75
Experiment,"[surface+biome patches] Surface and biome optimizations (candidate, block 2, pair 1)",46284,6400,75
Experiment,"[surface+biome patches] Surface and biome optimizations (candidate, block 2, pair 2)",49856,6400,75
Orion v5.6,"Surface and biome optimizations (Orion 5.6 control, block 2, pair 2)",48303,6400,75
Orion v5.6,"Surface and biome optimizations (Orion 5.6 control, block 2, pair 3)",47397,6400,75
Experiment,"[surface+biome patches] Surface and biome optimizations (candidate, block 2, pair 3)",49805,6400,75
Experiment,"[surface+biome patches] Surface and biome optimizations (candidate, block 2, pair 4)",47868,6400,75
Orion v5.6,"Surface and biome optimizations (Orion 5.6 control, block 2, pair 4)",52441,6400,75
Orion v5.6,"Surface and biome optimizations (Orion 5.6 control, block 2, pair 5)",49060,6400,75
Experiment,"[surface+biome patches] Surface and biome optimizations (candidate, block 2, pair 5)",45359,6400,75
Experiment,"[surface+biome patches] Surface and biome optimizations (candidate, block 2, pair 6)",46134,6400,75
Orion v5.6,"Surface and biome optimizations (Orion 5.6 control, block 2, pair 6)",48396,6400,75
Orion v5.6,"Parallel structure generation (Orion 5.6 control, block 2, pair 1)",51509,6400,75
Experiment,"[lock-free structure steps] Parallel structure generation (candidate, block 2, pair 1)",51428,6400,75
Experiment,"[lock-free structure steps] Parallel structure generation (candidate, block 2, pair 2)",49473,6400,75
Orion v5.6,"Parallel structure generation (Orion 5.6 control, block 2, pair 2)",53429,6400,75
Orion v5.6,"Parallel structure generation (Orion 5.6 control, block 2, pair 3)",49486,6400,75
Experiment,"[lock-free structure steps] Parallel structure generation (candidate, block 2, pair 3)",46516,6400,75
Experiment,"[lock-free structure steps] Parallel structure generation (candidate, block 2, pair 4)",46640,6400,75
Orion v5.6,"Parallel structure generation (Orion 5.6 control, block 2, pair 4)",47169,6400,75
Orion v5.6,"Parallel structure generation (Orion 5.6 control, block 2, pair 5)",47961,6400,75
Experiment,"[lock-free structure steps] Parallel structure generation (candidate, block 2, pair 5)",48077,6400,75
Orion v5.6,"Noise router identity memo (Orion 5.6 control, block 2, pair 1)",59838,6400,75
Experiment,"[mapAll memo] Noise router identity memo (candidate, block 2, pair 1)",49477,6400,75
Experiment,"[mapAll memo] Noise router identity memo (candidate, block 2, pair 2)",53495,6400,75
Orion v5.6,"Noise router identity memo (Orion 5.6 control, block 2, pair 2)",50948,6400,75
Orion v5.6,"Noise router identity memo (Orion 5.6 control, block 2, pair 3)",52819,6400,75
Experiment,"[mapAll memo] Noise router identity memo (candidate, block 2, pair 3)",53546,6400,75
Experiment,"[mapAll memo] Noise router identity memo (candidate, block 2, pair 4)",47159,6400,75
Orion v5.6,"Noise router identity memo (Orion 5.6 control, block 2, pair 4)",48850,6400,75
Orion v5.6,"Noise router identity memo (Orion 5.6 control, block 2, pair 5)",48355,6400,75
Experiment,"[mapAll memo] Noise router identity memo (candidate, block 2, pair 5)",45796,6400,75
Orion v5.6,"Surface and biome optimization replication (Orion 5.6 control, pair 1)",49157,6400,75
Experiment,"[surface+biome patches] Surface and biome optimization replication (candidate, pair 1)",47719,6400,75
Experiment,"[surface+biome patches] Surface and biome optimization replication (candidate, pair 2)",54135,6400,75
Orion v5.6,"Surface and biome optimization replication (Orion 5.6 control, pair 2)",47013,6400,75
Orion v5.6,"Surface and biome optimization replication (Orion 5.6 control, pair 3)",49349,6400,75
Experiment,"[surface+biome patches] Surface and biome optimization replication (candidate, pair 3)",46551,6400,75
Experiment,"[surface+biome patches] Surface and biome optimization replication (candidate, pair 4)",44795,6400,75
Orion v5.6,"Surface and biome optimization replication (Orion 5.6 control, pair 4)",53687,6400,75
Orion v5.6,"Surface and biome optimization replication (Orion 5.6 control, pair 5)",48509,6400,75
Experiment,"[surface+biome patches] Surface and biome optimization replication (candidate, pair 5)",50713,6400,75
Orion v5.6,"Parallel structure generation replication (Orion 5.6 control, pair 1)",49734,6400,75
Experiment,"[lock-free structure steps] Parallel structure generation replication (candidate, pair 1)",50347,6400,75
Experiment,"[lock-free structure steps] Parallel structure generation replication (candidate, pair 2)",50353,6400,75
Orion v5.6,"Parallel structure generation replication (Orion 5.6 control, pair 2)",48694,6400,75
Orion v5.6,"Parallel structure generation replication (Orion 5.6 control, pair 3)",48126,6400,75
Experiment,"[lock-free structure steps] Parallel structure generation replication (candidate, pair 3)",46717,6400,75
Experiment,"[lock-free structure steps] Parallel structure generation replication (candidate, pair 4)",47810,6400,75
Orion v5.6,"Parallel structure generation replication (Orion 5.6 control, pair 4)",49266,6400,75
Orion v5.6,"Parallel structure generation replication (Orion 5.6 control, pair 5)",48252,6400,75
Experiment,"[lock-free structure steps] Parallel structure generation replication (candidate, pair 5)",50791,6400,75
Orion v5.6,"Noise pipeline optimization replication (Orion 5.6 control, block 1, pair 1)",50362,6400,74
Orion v5.7,"Noise pipeline optimization replication (Orion 5.7 candidate, block 1, pair 1)",43560,6400,74
Orion v5.7,"Noise pipeline optimization replication (Orion 5.7 candidate, block 1, pair 2)",43924,6400,74
Orion v5.6,"Noise pipeline optimization replication (Orion 5.6 control, block 1, pair 2)",50142,6400,74
Orion v5.6,"Noise pipeline optimization replication (Orion 5.6 control, block 1, pair 3)",51054,6400,74
Orion v5.7,"Noise pipeline optimization replication (Orion 5.7 candidate, block 1, pair 3)",44426,6400,74
Orion v5.7,"Noise pipeline optimization replication (Orion 5.7 candidate, block 1, pair 4)",47202,6400,74
Orion v5.6,"Noise pipeline optimization replication (Orion 5.6 control, block 1, pair 4)",51565,6400,74
Orion v5.6,"Noise pipeline optimization replication (Orion 5.6 control, block 1, pair 5)",48315,6400,74
Orion v5.7,"Noise pipeline optimization replication (Orion 5.7 candidate, block 1, pair 5)",46111,6400,74
Orion v5.6,"Noise pipeline optimization replication (Orion 5.6 control, block 2, pair 1)",47722,6400,74
Orion v5.7,"Noise pipeline optimization replication (Orion 5.7 candidate, block 2, pair 1)",44160,6400,74
Orion v5.7,"Noise pipeline optimization replication (Orion 5.7 candidate, block 2, pair 2)",43538,6400,74
Orion v5.6,"Noise pipeline optimization replication (Orion 5.6 control, block 2, pair 2)",48539,6400,74
Orion v5.6,"Noise pipeline optimization replication (Orion 5.6 control, block 2, pair 3)",47561,6400,74
Orion v5.7,"Noise pipeline optimization replication (Orion 5.7 candidate, block 2, pair 3)",44322,6400,74
Orion v5.7,"Noise pipeline optimization replication (Orion 5.7 candidate, block 2, pair 4)",43567,6400,74
Orion v5.6,"Noise pipeline optimization replication (Orion 5.6 control, block 2, pair 4)",47203,6400,74
Orion v5.6,"Noise pipeline optimization replication (Orion 5.6 control, block 2, pair 5)",50247,6400,74
Orion v5.7,"Noise pipeline optimization replication (Orion 5.7 candidate, block 2, pair 5)",44638,6400,74
Orion v5.6,v5.7 replication 3 ab_5.6_r1,49443,6400,74
Orion v5.7,v5.7 replication 3 ab_5.7_r1,43185,6400,74
Orion v5.7,v5.7 replication 3 ab_5.7_r2,42706,6400,74
Orion v5.6,v5.7 replication 3 ab_5.6_r2,50677,6400,74
Orion v5.6,v5.7 replication 3 ab_5.6_r3,52106,6400,74
Orion v5.7,v5.7 replication 3 ab_5.7_r3,44603,6400,74
Orion v5.7,v5.7 replication 3 ab_5.7_r4,43514,6400,74
Orion v5.6,v5.7 replication 3 ab_5.6_r4,48744,6400,74
Orion v5.6,v5.7 replication 3 ab_5.6_r5,48461,6400,74
Orion v5.7,v5.7 replication 3 ab_5.7_r5,43754,6400,74
Orion v5.6,v5.7 ablation abl1_A56_r1,52790,6400,74
Orion v5.7,v5.7 ablation abl1_B57_r1,44168,6400,74
Orion v5.7 (ablation batch=false),v5.7 ablation abl1_nobatch_r1,46463,6400,74
Orion v5.7 (ablation lazy=false),v5.7 ablation abl1_nolazy_r1,46608,6400,74
Orion v5.7 (ablation surfaceCache=false),v5.7 ablation abl1_nocache_r1,44970,6400,74
Orion v5.7 (ablation glue=false),v5.7 ablation abl1_noglue_r1,45964,6400,74
Orion v5.7,v5.7 ablation abl1_B57_r2,45722,6400,74
Orion v5.7 (ablation batch=false),v5.7 ablation abl1_nobatch_r2,48910,6400,74
Orion v5.7 (ablation lazy=false),v5.7 ablation abl1_nolazy_r2,50304,6400,74
Orion v5.7 (ablation surfaceCache=false),v5.7 ablation abl1_nocache_r2,51268,6400,74
Orion v5.7 (ablation glue=false),v5.7 ablation abl1_noglue_r2,47216,6400,74
Orion v5.6,v5.7 ablation abl1_A56_r2,53100,6400,74
Orion v5.7 (ablation batch=false),v5.7 ablation abl1_nobatch_r3,53633,6400,74
Orion v5.7 (ablation lazy=false),v5.7 ablation abl1_nolazy_r3,47403,6400,74
Orion v5.7 (ablation surfaceCache=false),v5.7 ablation abl1_nocache_r3,47199,6400,74
Orion v5.7 (ablation glue=false),v5.7 ablation abl1_noglue_r3,44694,6400,74
Orion v5.6,v5.7 ablation abl1_A56_r3,48587,6400,74
Orion v5.7,v5.7 ablation abl1_B57_r3,44034,6400,74
Orion v5.7 (ablation lazy=false),v5.7 ablation abl1_nolazy_r4,44597,6400,74
Orion v5.7 (ablation surfaceCache=false),v5.7 ablation abl1_nocache_r4,45418,6400,74
Orion v5.7 (ablation glue=false),v5.7 ablation abl1_noglue_r4,44069,6400,74
Orion v5.6,v5.7 ablation abl1_A56_r4,49068,6400,74
Orion v5.7,v5.7 ablation abl1_B57_r4,43962,6400,74
Orion v5.7 (ablation batch=false),v5.7 ablation abl1_nobatch_r4,45156,6400,74
Orion v5.7 (ablation surfaceCache=false),v5.7 ablation abl1_nocache_r5,45960,6400,74
Orion v5.7 (ablation glue=false),v5.7 ablation abl1_noglue_r5,44735,6400,74
Orion v5.6,v5.7 ablation abl1_A56_r5,49151,6400,74
Orion v5.7,v5.7 ablation abl1_B57_r5,45506,6400,74
Orion v5.7 (ablation batch=false),v5.7 ablation abl1_nobatch_r5,44505,6400,74
Orion v5.7 (ablation lazy=false),v5.7 ablation abl1_nolazy_r5,45360,6400,74
Experiment,[v5.7 + in-flight 32] in-flight block b15_cand_r1,44523,6400,75
Experiment,[v5.7 + in-flight 32] in-flight block b15_cand_r2,43648,6400,75
Experiment,[v5.7 + in-flight 32] in-flight block b15_cand_r3,43658,6400,75
Experiment,[v5.7 + in-flight 32] in-flight block b15_cand_r4,44168,6400,75
Experiment,[v5.7 + in-flight 32] in-flight block b15_cand_r5,43117,6400,75
Orion v5.6,in-flight block b15_5.6_r1,47855,6400,75
Orion v5.6,in-flight block b15_5.6_r2,48325,6400,75
Orion v5.6,in-flight block b15_5.6_r3,48170,6400,75
Orion v5.6,in-flight block b15_5.6_r4,50416,6400,75
Orion v5.6,in-flight block b15_5.6_r5,51427,6400,75
Orion v5.7,in-flight block b15_5.7_r1,43634,6400,75
Orion v5.7,in-flight block b15_5.7_r2,43168,6400,75
Orion v5.7,in-flight block b15_5.7_r3,43264,6400,75
Orion v5.7,in-flight block b15_5.7_r4,45668,6400,75
Orion v5.7,in-flight block b15_5.7_r5,45904,6400,75
Orion v5.6,Beardifier block n2ab1_A56_r1,48066,6400,75
Orion v5.7,Beardifier block n2ab1_B57_r1,44240,6400,75
Experiment,[v5.7 + Beardifier cull] Beardifier block n2ab1_beard_r1,44407,6400,75
Orion v5.7,Beardifier block n2ab1_B57_r2,45718,6400,75
Experiment,[v5.7 + Beardifier cull] Beardifier block n2ab1_beard_r2,43807,6400,75
Orion v5.6,Beardifier block n2ab1_A56_r2,48119,6400,75
Experiment,[v5.7 + Beardifier cull] Beardifier block n2ab1_beard_r3,43810,6400,75
Orion v5.6,Beardifier block n2ab1_A56_r3,48042,6400,75
Orion v5.7,Beardifier block n2ab1_B57_r3,43136,6400,75
Orion v5.6,Beardifier block n2ab1_A56_r4,51361,6400,75
Orion v5.7,Beardifier block n2ab1_B57_r4,43906,6400,75
Experiment,[v5.7 + Beardifier cull] Beardifier block n2ab1_beard_r4,43302,6400,75
Orion v5.7,Beardifier block n2ab1_B57_r5,43260,6400,75
Experiment,[v5.7 + Beardifier cull] Beardifier block n2ab1_beard_r5,41955,6400,75
Orion v5.6,Beardifier block n2ab1_A56_r5,50704,6400,75
Orion v5.6,65k orion5.6 r1,525203,65536,74
Orion v5.7,65k orion5.7 r1,479544,65536,74
Orion v5.7,65k orion5.7 r2,486369,65536,74
Orion v5.6,65k orion5.6 r2,520099,65536,74
