samples,pct_of_total,leaf_frame
6338,18.01,"io.github.eath1283.worldgend.OrionV2.fill(List, Function5) line: 116"
4914,13.96,"jdk.internal.reflect.DirectMethodHandleAccessor.invoke(Object, Object[]) line: 104"
2562,7.28,"net.minecraft.world.level.levelgen.synth.SimplexNoise.dot(int[], double, double, double) line: 57"
1496,4.25,"net.minecraft.server.level.GenerationChunkHolder.getChunkIfPresentUnchecked(ChunkStatus) line: 288"
1131,3.21,"net.minecraft.world.level.levelgen.SurfaceRules$TestRule.tryApply(int, int, int) line: 373"
904,2.57,"net.minecraft.world.level.levelgen.NoiseChunk$NoiseInterpolator.compute(DensityFunction$FunctionContext) line: 624"
839,2.38,"net.minecraft.world.level.biome.Climate$RTree$SubTree.search(long[], Climate$RTree$Leaf, Climate$DistanceMetric) line: 129"
825,2.34,"net.minecraft.world.level.levelgen.synth.ImprovedNoise.p(int) line: 98"
746,2.12,"net.minecraft.world.level.levelgen.Heightmap.update(int, int, int, BlockState) line: 147"
701,1.99,"net.minecraft.world.level.levelgen.NoiseChunk.lambda$new$0(DensityFunction, DensityFunction$FunctionContext) line: 194"
684,1.94,"net.minecraft.world.level.chunk.PalettedContainer.get(int) line: 147"
655,1.86,"net.minecraft.world.level.levelgen.DensityFunctions$PureTransformer.compute(DensityFunction$FunctionContext) line: 276"
651,1.85,"net.minecraft.world.level.levelgen.Aquifer$NoiseBasedAquifer.computeSubstance(DensityFunction$FunctionContext, double) line: 260"
534,1.52,"net.minecraft.world.level.levelgen.synth.ImprovedNoise.noise(double, double, double, double, double) line: 73"
517,1.47,"net.minecraft.world.level.chunk.PalettedContainer.getAndSet(int, Object) line: 119"
463,1.32,"net.minecraft.world.level.levelgen.NoiseChunk.getInterpolatedState() line: 222"
455,1.29,"java.util.Objects.hashCode(Object) line: 97"
393,1.12,"net.minecraft.world.level.levelgen.SurfaceRules$LazyCondition.test() line: 236"
350,0.99,"java.util.ImmutableCollections$List12.get(int) line: 609"
337,0.96,"net.minecraft.world.level.levelgen.Aquifer$NoiseBasedAquifer.computeSubstance(DensityFunction$FunctionContext, double) line: 314"
335,0.95,"net.minecraft.world.level.levelgen.feature.Feature.isAdjacentToAir(Function, BlockPos) line: 181"
326,0.93,"net.minecraft.world.level.material.FluidState.isEmpty() line: 49"
301,0.86,"net.minecraft.world.level.levelgen.synth.PerlinNoise.getValue(double, double, double) line: 150"
268,0.76,"net.minecraft.world.level.chunk.ProtoChunk.setBlockState(BlockPos, BlockState, int) line: 175"
264,0.75,"net.minecraft.world.level.lighting.DataLayerStorageMap.getLayer(long) line: 41"
241,0.68,"net.minecraft.world.level.chunk.LinearPalette.valueFor(int) line: 68"
219,0.62,"net.minecraft.world.level.levelgen.DensityFunctions$Mapped.transform(DensityFunctions$Mapped$Type, double) line: 954"
196,0.56,"net.minecraft.world.level.chunk.PalettedContainer.getAndSet(int, Object) line: 121"
192,0.55,"net.minecraft.world.level.levelgen.DensityFunctions$Ap2.compute(DensityFunction$FunctionContext) line: 1132"
188,0.53,"net.minecraft.world.level.levelgen.DensityFunctions$RangeChoice.compute(DensityFunction$FunctionContext) line: 722"
187,0.53,"net.minecraft.world.level.levelgen.SurfaceSystem.buildSurface(RandomState, BiomeManager, Registry, boolean, WorldGenerationContext, ChunkAccess, NoiseChunk, SurfaceRules$RuleSource) line: 162"
187,0.53,"net.minecraft.server.level.GenerationChunkHolder.getPersistedStatus() line: 313"
179,0.51,"net.minecraft.world.level.levelgen.DensityFunctions$PureTransformer.fillArray(double[], DensityFunction$ContextProvider) line: 282"
170,0.48,"net.minecraft.world.level.chunk.PalettedContainer$Data.copyFrom(Palette, BitStorage) line: 328"
167,0.47,"net.minecraft.world.level.chunk.ProtoChunk.setBlockState(BlockPos, BlockState, int) line: 167"
163,0.46,"it.unimi.dsi.fastutil.longs.Long2ObjectLinkedOpenHashMap.get(long) line: 659"
161,0.46,"net.minecraft.world.level.levelgen.Beardifier.getBeardContribution(int, int, int, int) line: 211"
160,0.45,"net.minecraft.world.level.levelgen.synth.PerlinNoise.getOctaveNoise(int) line: 194"
124,0.35,"java.util.Objects.equals(Object, Object) line: 62"
117,0.33,"java.util.ImmutableCollections$SetN.probe(Object) line: 1263"
114,0.32,"net.minecraft.world.level.chunk.PalettedContainer$Data.copyFrom(Palette, BitStorage) line: 329"
105,0.30,"net.minecraft.world.level.levelgen.carver.CaveWorldCarver.createTunnel(CarvingContext, CaveCarverConfiguration, ChunkAccess, Function, long, Aquifer, double, double, double, double, double, float, float, float, int, int, double, CarvingMask, WorldCarver$CarveSkipChecker) line: 133"
105,0.30,"net.minecraft.world.level.levelgen.Heightmap.primeHeightmaps(ChunkAccess, Set) line: 126"
96,0.27,"net.minecraft.tags.TagKey.equals(Object) line: 15"
95,0.27,"net.minecraft.world.level.lighting.SkyLightEngine.propagateIncrease(long, long, int) line: 170"
91,0.26,"net.minecraft.world.level.chunk.LevelChunkSection.setBlockState(int, int, int, BlockState, boolean) line: 71"
90,0.26,"it.unimi.dsi.fastutil.longs.LongOpenHashSet.add(long) line: 402"
85,0.24,"net.minecraft.world.level.levelgen.SurfaceRules$TestRule.tryApply(int, int, int) line: 376"
81,0.23,"net.minecraft.world.level.chunk.LinearPalette.idFor(Object, PaletteResize) line: 52"
80,0.23,"net.minecraft.world.level.levelgen.NoiseChunk.wrap(DensityFunction) line: 860"
79,0.22,"java.util.HashMap.computeIfAbsent(Object, Function) line: 1229"
75,0.21,"java.util.ImmutableCollections$Set12.contains(Object) line: 1036"
74,0.21,"net.minecraft.world.level.levelgen.DensityFunctions$HolderHolder.mapAll(DensityFunction$Visitor) line: 401"
70,0.20,"net.minecraft.world.level.levelgen.SurfaceRules$LazyCondition.test() line: 246"
69,0.20,"net.minecraft.server.level.ChunkGenerationTask.waitForScheduledLayer() line: 172"
68,0.19,"net.minecraft.world.level.levelgen.NoiseChunk.selectCellYZ(int, int) line: 363"
68,0.19,"net.minecraft.world.level.levelgen.Beardifier.compute(DensityFunction$FunctionContext) line: 174"
58,0.16,"net.minecraft.world.level.levelgen.SurfaceRules$Context.getMinSurfaceLevel() line: 136"
57,0.16,"net.minecraft.world.level.chunk.BulkSectionAccess.getSection(BlockPos) line: 29"
55,0.16,"net.minecraft.world.level.levelgen.SurfaceRules$VerticalGradientConditionSource$1VerticalGradientCondition.compute() line: 707"
55,0.16,"java.util.HashMap.computeIfAbsent(Object, Function) line: 1215"
53,0.15,"net.minecraft.server.level.ChunkGenerationTask.scheduleLayer(ChunkStatus, boolean) line: 119"
52,0.15,"net.minecraft.world.level.levelgen.SurfaceRules$LazyYCondition.getContextLastUpdate() line: 274"
52,0.15,"net.minecraft.world.level.levelgen.Aquifer$NoiseBasedAquifer.computeSubstance(DensityFunction$FunctionContext, double) line: 355"
51,0.14,"net.minecraft.world.level.levelgen.DensityFunctions$MarkerOrMarked.mapAll(DensityFunction$Visitor) line: 433"
50,0.14,"java.util.HashMap.computeIfAbsent(Object, Function) line: 1210"
49,0.14,"net.minecraft.world.level.chunk.SingleValuePalette.valueFor(int) line: 45"
48,0.14,"net.minecraft.world.level.lighting.LightEngine.propagateIncreases() line: 187"
47,0.13,"net.minecraft.world.level.biome.Climate$RTree$Node.distance(long[]) line: 82"
46,0.13,"net.minecraft.world.level.levelgen.NoiseChunk.fillAllDirectly(double[], DensityFunction) line: 341"
44,0.13,"net.minecraft.world.level.levelgen.NoiseBasedChunkGenerator.doFill(Blender, StructureManager, RandomState, ChunkAccess, int, int) line: 433"
44,0.13,"net.minecraft.world.level.levelgen.DensityFunctions$Ap2.compute(DensityFunction$FunctionContext) line: 1139"
43,0.12,"it.unimi.dsi.fastutil.ints.IntArraySet.findKey(int) line: 205"
42,0.12,"net.minecraft.world.level.block.state.StateHolder.getNullableValue(Property) line: 95"
41,0.12,"net.minecraft.world.level.lighting.BlockLightSectionStorage$BlockDataLayerStorageMap.copy() line: 36"
37,0.11,"net.minecraft.world.level.levelgen.DensityFunctions$MulOrAdd.transform(double) line: 1102"
37,0.11,"net.minecraft.world.level.levelgen.DensityFunctions$Ap2.compute(DensityFunction$FunctionContext) line: 1148"
37,0.11,"java.util.stream.ReferencePipeline$3$1.accept(Object) line: 214"
36,0.10,"net.minecraft.core.TypedInstance.is(TagKey) line: 17"
35,0.10,"net.minecraft.world.level.levelgen.SurfaceRules$SequenceRule.tryApply(int, int, int) line: 388"
34,0.10,"net.minecraft.world.level.levelgen.feature.OreFeature.place(FeaturePlaceContext) line: 51"
34,0.10,"net.minecraft.world.level.levelgen.DensityFunctions$Ap2.compute(DensityFunction$FunctionContext) line: 1142"
33,0.09,"net.minecraft.world.level.lighting.SkyLightEngine.propagateLightSources(ChunkPos) line: 362"
32,0.09,"net.minecraft.world.level.lighting.SkyLightSectionStorage$SkyDataLayerStorageMap.copy() line: 160"
32,0.09,"net.minecraft.world.level.levelgen.BitRandomSource.nextInt(int) line: 25"
31,0.09,"net.minecraft.world.level.lighting.SkyLightSectionStorage$SkyDataLayerStorageMap.copy() line: 144"
31,0.09,"net.minecraft.world.level.lighting.LightEngine.propagateIncreases() line: 191"
31,0.09,"net.minecraft.world.level.levelgen.carver.WorldCarver.isDebugEnabled(CarverConfiguration) line: 226"
31,0.09,"net.minecraft.world.level.levelgen.OreVeinifier.lambda$create$0(DensityFunction, BlockState, PositionalRandomFactory, DensityFunction, DensityFunction, DensityFunction$FunctionContext) line: 63"
30,0.09,"net.minecraft.world.level.levelgen.SurfaceRules$LazyCondition.test() line: 240"
30,0.09,"net.minecraft.world.level.levelgen.Aquifer$NoiseBasedAquifer.computeSubstance(DensityFunction$FunctionContext, double) line: 325"
30,0.09,"java.util.Arrays.fill(double[], double) line: 3354"
30,0.09,"java.lang.Object.clone()"
28,0.08,"net.minecraft.world.level.levelgen.feature.GeodeFeature.place(FeaturePlaceContext) line: 117"
28,0.08,"net.minecraft.world.level.levelgen.XoroshiroRandomSource.setSeed(long) line: 49"
28,0.08,"net.minecraft.world.level.levelgen.DensityFunctions$YClampedGradient.compute(DensityFunction$FunctionContext) line: 1332"
28,0.08,"net.minecraft.world.level.levelgen.DensityFunctions$Spline$Coordinate.apply(DensityFunctions$Spline$Point) line: 1269"
28,0.08,"net.minecraft.world.level.levelgen.Beardifier.compute(DensityFunction$FunctionContext) line: 162"
27,0.08,"net.minecraft.world.level.lighting.BlockLightEngine.propagateIncrease(long, long, int) line: 64"
27,0.08,"net.minecraft.world.level.levelgen.SurfaceRules$StoneDepthCheck$1StoneDepthCondition.compute() line: 490"
27,0.08,"net.minecraft.world.level.levelgen.Aquifer$NoiseBasedAquifer.getAquiferStatus(int) line: 541"
26,0.07,"net.minecraft.world.level.chunk.ChunkAccess.setBlockState(BlockPos, BlockState) line: 126"
26,0.07,"net.minecraft.util.CrudeIncrementalIntIdentityHashBiMap.byId(int) line: 49"
26,0.07,"it.unimi.dsi.fastutil.objects.ObjectOpenCustomHashSet.add(Object) line: 285"
25,0.07,"org.apache.commons.lang3.Validate.inclusiveBetween(long, long, long) line: 315"
25,0.07,"net.minecraft.world.level.levelgen.NoiseChunk$Cache2D.compute(DensityFunction$FunctionContext) line: 744"
25,0.07,"net.minecraft.world.level.levelgen.Aquifer$NoiseBasedAquifer.computeSubstance(DensityFunction$FunctionContext, double) line: 379"
25,0.07,"java.util.stream.ReferencePipeline$Head.forEach(Consumer) line: 803"
24,0.07,"net.minecraft.world.level.levelgen.LegacyRandomSource.next(int) line: 46"
24,0.07,"net.minecraft.core.AxisCycle$3.cycle(int, int, int, Direction$Axis) line: 50"
24,0.07,"net.minecraft.core.AxisCycle$2.cycle(int, int, int, Direction$Axis) line: 29"
23,0.07,"java.util.Spliterator.getExactSizeIfKnown() line: 414"
22,0.06,"net.minecraft.world.phys.shapes.BitSetDiscreteVoxelShape.firstFull(Direction$Axis) line: 106"
22,0.06,"net.minecraft.world.level.levelgen.XoroshiroRandomSource$XoroshiroPositionalRandomFactory.at(int, int, int) line: 143"
21,0.06,"net.minecraft.world.level.levelgen.DensityFunctions$Ap2.compute(DensityFunction$FunctionContext) line: 1134"
21,0.06,"java.lang.invoke.DirectMethodHandle.allocateInstance(Object) line: 500"
20,0.06,"net.minecraft.world.level.lighting.BlockLightSectionStorage$BlockDataLayerStorageMap.copy() line: 29"
20,0.06,"net.minecraft.world.level.levelgen.DensityFunctions$Spline$Coordinate.minValue() line: 1274"
20,0.06,"net.minecraft.world.level.levelgen.Beardifier.compute(DensityFunction$FunctionContext) line: 166"
20,0.06,"net.minecraft.core.AxisCycle$1.cycle(int, int, int, Direction$Axis) line: 7"
19,0.05,"net.minecraft.world.level.lighting.SkyLightEngine.propagateIncrease(long, long, int) line: 180"
19,0.05,"net.minecraft.world.level.levelgen.NoiseChunk$NoiseChunkDensityFunction.minValue() line: 420"
18,0.05,"net.minecraft.world.level.levelgen.structure.templatesystem.StructureTemplate.processBlockInfos(ServerLevelAccessor, BlockPos, BlockPos, StructurePlaceSettings, List) line: 423"
18,0.05,"net.minecraft.world.level.levelgen.DensityFunctions$BeardifierMarker.fillArray(double[], DensityFunction$ContextProvider) line: 369"
18,0.05,"net.minecraft.world.level.levelgen.Aquifer$NoiseBasedAquifer.calculatePressure(DensityFunction$FunctionContext, MutableDouble, Aquifer$FluidStatus, Aquifer$FluidStatus) line: 500"
18,0.05,"net.minecraft.world.level.biome.Climate$RTree.search(Climate$TargetPoint, Climate$DistanceMetric) line: 265"
18,0.05,"net.minecraft.util.CubicSpline$Multipoint.create(BoundedFloatFunction, float[], List, float[]) line: 90"
17,0.05,"net.minecraft.world.level.levelgen.feature.TreeFeature.updateLeaves(LevelAccessor, BoundingBox, Set, Set, Set) line: 225"
17,0.05,"net.minecraft.world.level.levelgen.DensityFunctions$Ap2.compute(DensityFunction$FunctionContext) line: 1151"
17,0.05,"java.util.HashMap.computeIfAbsent(Object, Function) line: 1220"
16,0.05,"net.minecraft.world.phys.shapes.DiscreteVoxelShape.forAllAxisFaces(DiscreteVoxelShape$IntFaceConsumer, AxisCycle) line: 274"
16,0.05,"net.minecraft.world.level.chunk.ProtoChunk.markPosForPostprocessing(BlockPos) line: 272"
15,0.04,"net.minecraft.world.level.levelgen.SurfaceSystem.buildSurface(RandomState, BiomeManager, Registry, boolean, WorldGenerationContext, ChunkAccess, NoiseChunk, SurfaceRules$RuleSource) line: 139"
15,0.04,"net.minecraft.world.level.levelgen.SurfaceRules$Context.lambda$updateY$0(int, int, int) line: 102"
15,0.04,"net.minecraft.util.CubicSpline$Multipoint.create(BoundedFloatFunction, float[], List, float[]) line: 79"
15,0.04,"net.minecraft.core.HolderSet$Named.contains(Holder) line: 180"
15,0.04,"it.unimi.dsi.fastutil.longs.Long2ObjectOpenHashMap.get(long) line: 332"
15,0.04,"com.google.common.base.Suppliers$NonSerializableMemoizingSupplier.get() line: 201"
14,0.04,"net.minecraft.server.level.GenerationChunkHolder.getChunkIfPresent(ChunkStatus) line: 295"
14,0.04,"java.util.stream.Nodes$FixedNodeBuilder.accept(Object) line: 1230"
14,0.04,"java.util.HashMap.hash(Object) line: 338"
14,0.04,"java.util.HashMap.getNode(Object) line: 588"
13,0.04,"net.minecraft.world.phys.shapes.DiscreteVoxelShape.isFull(AxisCycle, int, int, int) line: 83"
13,0.04,"net.minecraft.world.level.lighting.BlockLightEngine.propagateIncrease(long, long, int) line: 74"
13,0.04,"net.minecraft.world.level.levelgen.placement.HeightRangePlacement.getPositions(PlacementContext, RandomSource, BlockPos) line: 40"
13,0.04,"net.minecraft.world.level.levelgen.NoiseChunk$CacheOnce.compute(DensityFunction$FunctionContext) line: 694"
13,0.04,"it.unimi.dsi.fastutil.longs.Long2FloatLinkedOpenHashMap.shiftKeys(int) line: 408"
12,0.03,"net.minecraft.world.level.levelgen.feature.Feature.safeSetBlock(WorldGenLevel, BlockPos, BlockState, Predicate) line: 155"
12,0.03,"net.minecraft.world.level.levelgen.carver.CaveWorldCarver.createTunnel(CarvingContext, CaveCarverConfiguration, ChunkAccess, Function, long, Aquifer, double, double, double, double, double, float, float, float, int, int, double, CarvingMask, WorldCarver$CarveSkipChecker) line: 120"
12,0.03,"net.minecraft.world.level.levelgen.DensityFunctions$TwoArgumentSimpleFunction.create(DensityFunctions$TwoArgumentSimpleFunction$Type, DensityFunction, DensityFunction) line: 980"
12,0.03,"net.minecraft.world.level.levelgen.DensityFunctions$Spline$Coordinate.mapAll(DensityFunction$Visitor) line: 1283"
12,0.03,"net.minecraft.world.level.levelgen.DensityFunctions$RangeChoice.minValue() line: 749"
12,0.03,"java.util.HashMap.computeIfAbsent(Object, Function) line: 1207"
12,0.03,"it.unimi.dsi.fastutil.longs.Long2ObjectOpenHashMap.find(long) line: 247"
11,0.03,"net.minecraft.world.phys.shapes.DiscreteVoxelShape.isFull(AxisCycle, int, int, int) line: 85"
11,0.03,"net.minecraft.world.level.levelgen.DensityFunctions$RangeChoice.maxValue() line: 754"
11,0.03,"net.minecraft.world.level.levelgen.Aquifer$NoiseBasedAquifer.computeSubstance(DensityFunction$FunctionContext, double) line: 396"
11,0.03,"java.util.stream.Sink$ChainedReference.end() line: 261"
11,0.03,"java.util.stream.ReferencePipeline.toArray(IntFunction) line: 652"
11,0.03,"java.util.HashMap.resize() line: 721"
11,0.03,"java.util.Comparator.lambda$comparingInt$7b0bb60$1(ToIntFunction, Object, Object) line: 494"
11,0.03,"it.unimi.dsi.fastutil.longs.Long2IntOpenHashMap.find(long) line: 248"
10,0.03,"net.minecraft.world.level.levelgen.synth.NormalNoise.getValue(double, double, double) line: 92"
10,0.03,"net.minecraft.world.level.levelgen.placement.PlacedFeature.lambda$placeWithContext$0(PlacementModifier, PlacementContext, RandomSource, BlockPos) line: 48"
10,0.03,"net.minecraft.world.level.levelgen.carver.WorldCarver.carveEllipsoid(CarvingContext, CarverConfiguration, ChunkAccess, Function, Aquifer, double, double, double, double, double, CarvingMask, WorldCarver$CarveSkipChecker) line: 104"
10,0.03,"net.minecraft.world.level.levelgen.blockpredicates.StateTestingPredicate.test(WorldGenLevel, BlockPos) line: 25"
10,0.03,"net.minecraft.world.level.levelgen.DensityFunctions$TwoArgumentSimpleFunction.create(DensityFunctions$TwoArgumentSimpleFunction$Type, DensityFunction, DensityFunction) line: 981"
10,0.03,"net.minecraft.core.Holder$Reference.value() line: 181"
10,0.03,"java.util.concurrent.ConcurrentLinkedQueue.offer(Object) line: 380"
10,0.03,"java.util.ImmutableCollections$SetN.probe(Object) line: 1253"
10,0.03,"it.unimi.dsi.fastutil.longs.Long2ObjectOpenHashMap.get(long) line: 327"
10,0.03,"it.unimi.dsi.fastutil.longs.Long2FloatLinkedOpenHashMap.get(long) line: 708"
9,0.03,"net.minecraft.world.level.levelgen.XoroshiroRandomSource.nextBits(int) line: 127"
9,0.03,"net.minecraft.world.level.block.state.BlockBehaviour$BlockStateBase.getBlock() line: 901"
9,0.03,"java.util.stream.ReferencePipeline.flatMap(Function) line: 275"
9,0.03,"java.util.AbstractList$RandomAccessSpliterator.forEachRemaining(Consumer) line: 722"
9,0.03,"it.unimi.dsi.fastutil.objects.ObjectArraySet.findKey(Object) line: 206"
9,0.03,"it.unimi.dsi.fastutil.longs.Long2ByteOpenHashMap.get(long) line: 374"
8,0.02,"net.minecraft.world.phys.shapes.DiscreteVoxelShape.isFull(AxisCycle, int, int, int) line: 84"
8,0.02,"net.minecraft.world.level.levelgen.NoiseChunk$1.fillAllDirectly(double[], DensityFunction) line: 93"
8,0.02,"net.minecraft.world.level.levelgen.DensityFunctions$TwoArgumentSimpleFunction.create(DensityFunctions$TwoArgumentSimpleFunction$Type, DensityFunction, DensityFunction) line: 988"
8,0.02,"net.minecraft.world.level.chunk.ChunkGenerator.lambda$applyBiomeDecoration$1(WorldGenLevel, Set, ChunkPos) line: 294"
8,0.02,"net.minecraft.world.level.block.state.BlockBehaviour$BlockStateBase.updateShape(LevelReader, ScheduledTickAccess, BlockPos, Direction, BlockPos, BlockState, RandomSource) line: 1200"
8,0.02,"net.minecraft.world.level.LevelWriter.setBlock(BlockPos, BlockState, int) line: 14"
8,0.02,"net.minecraft.util.CubicSpline$Multipoint.lambda$findIntervalStart$0(float, float[], int) line: 192"
8,0.02,"net.minecraft.util.CubicSpline$Multipoint.apply(Object) line: 173"
8,0.02,"java.util.ArrayList.forEach(Consumer) line: 1604"
8,0.02,"java.util.AbstractQueue.remove() line: 114"
8,0.02,"it.unimi.dsi.fastutil.objects.ObjectOpenCustomHashSet.rehash(int) line: 772"
7,0.02,"net.minecraft.world.level.levelgen.carver.CaveWorldCarver.carve(CarvingContext, CaveCarverConfiguration, ChunkAccess, Function, RandomSource, Aquifer, ChunkPos, CarvingMask) line: 59"
7,0.02,"net.minecraft.world.level.levelgen.SurfaceRules$TestRuleSource.apply(SurfaceRules$Context) line: 776"
7,0.02,"net.minecraft.world.level.levelgen.NoiseChunk.fillAllDirectly(double[], DensityFunction) line: 345"
7,0.02,"net.minecraft.world.level.levelgen.DensityFunctions$ShiftA.mapAll(DensityFunction$Visitor) line: 796"
7,0.02,"net.minecraft.world.level.chunk.Configuration$Simple.createPalette(Strategy, List) line: 29"
7,0.02,"net.minecraft.world.level.block.SculkVeinBlock$SculkVeinSpreaderConfig.stateCanBeReplaced(BlockGetter, BlockPos, BlockPos, Direction, BlockState) line: 174"
7,0.02,"net.minecraft.world.level.biome.Biome.warmEnoughToRain(BlockPos, int) line: 236"
7,0.02,"net.minecraft.util.SimpleBitStorage.set(int, int) line: 176"
7,0.02,"net.minecraft.core.BlockPos$MutableBlockPos.immutable() line: 418"
7,0.02,"java.util.stream.StreamOpFlag.fromCharacteristics(Spliterator) line: 750"
7,0.02,"java.util.stream.Sink$ChainedReference.begin(long) line: 256"
7,0.02,"java.util.stream.ReferencePipeline$7$1FlatMap.accept(Object) line: 295"
7,0.02,"java.util.stream.Nodes$ArrayNode.<init>(long, IntFunction) line: 649"
7,0.02,"java.util.concurrent.ConcurrentLinkedQueue.poll() line: 385"
7,0.02,"java.util.concurrent.CompletableFuture.reportJoin(Object, String) line: 451"
7,0.02,"java.util.concurrent.CompletableFuture.postComplete() line: 531"
6,0.02,"net.minecraft.world.level.levelgen.placement.CountPlacement.count(RandomSource, BlockPos) line: 31"
6,0.02,"net.minecraft.world.level.levelgen.feature.OreFeature.doPlace(WorldGenLevel, RandomSource, OreConfiguration, double, double, double, double, double, double, int, int, int, int, int) line: 161"
6,0.02,"net.minecraft.world.level.levelgen.MarsagliaPolarGaussian.nextGaussian() line: 36"
6,0.02,"net.minecraft.world.level.levelgen.Heightmap.primeHeightmaps(ChunkAccess, Set) line: 130"
6,0.02,"net.minecraft.world.level.levelgen.DensityFunctions$Ap2.fillArray(double[], DensityFunction$ContextProvider) line: 1158"
6,0.02,"net.minecraft.world.level.levelgen.Aquifer$NoiseBasedAquifer.computeSubstance(DensityFunction$FunctionContext, double) line: 335"
6,0.02,"net.minecraft.world.level.chunk.status.ChunkStep.apply(WorldGenContext, StaticCache2D, ChunkAccess) line: 33"
6,0.02,"net.minecraft.world.level.chunk.HashMapPalette.idFor(Object, PaletteResize) line: 38"
6,0.02,"net.minecraft.world.level.chunk.DataLayer.getData() line: 91"
6,0.02,"net.minecraft.world.level.LevelReader.getBiome(BlockPos) line: 45"
6,0.02,"net.minecraft.util.thread.BlockableEventLoop.pollTask() line: 138"
6,0.02,"net.minecraft.util.CubicSpline$Multipoint.create(BoundedFloatFunction, float[], List, float[]) line: 82"
6,0.02,"net.minecraft.util.CubicSpline$Multipoint.create(BoundedFloatFunction, float[], List, float[]) line: 71"
6,0.02,"java.util.stream.Streams$StreamBuilderImpl.forEachRemaining(Consumer) line: 411"
6,0.02,"java.util.stream.Sink$ChainedReference.<init>(Sink) line: 251"
6,0.02,"java.util.stream.Nodes$FixedNodeBuilder.end() line: 1239"
6,0.02,"java.util.concurrent.ForkJoinPool.signalWork() line: 1899"
6,0.02,"java.util.Spliterators$ArraySpliterator.forEachRemaining(Consumer) line: 1024"
6,0.02,"java.util.HashMap.resize() line: 711"
6,0.02,"java.lang.Enum.hashCode() line: 190"
6,0.02,"io.github.eath1283.worldgend.OrionV2.fill(List, Function5) line: 114"
5,0.01,"net.minecraft.world.level.levelgen.structure.templatesystem.StructureTemplate.lambda$updateShapeAtEdge$0(BlockPos$MutableBlockPos, int, int, int, BlockPos$MutableBlockPos, LevelAccessor, int, Direction, int, int, int) line: 400"
5,0.01,"net.minecraft.world.level.levelgen.feature.Feature.place(FeatureConfiguration, WorldGenLevel, ChunkGenerator, RandomSource, BlockPos) line: 164"
5,0.01,"net.minecraft.world.level.levelgen.SurfaceRules$SequenceRule.tryApply(int, int, int) line: 383"
5,0.01,"net.minecraft.world.level.levelgen.OreVeinifier.lambda$create$0(DensityFunction, BlockState, PositionalRandomFactory, DensityFunction, DensityFunction, DensityFunction$FunctionContext) line: 70"
5,0.01,"net.minecraft.world.level.levelgen.NoiseBasedChunkGenerator.doFill(Blender, StructureManager, RandomState, ChunkAccess, int, int) line: 392"
5,0.01,"net.minecraft.world.level.levelgen.NoiseBasedChunkGenerator.applyCarvers(WorldGenRegion, long, RandomState, BiomeManager, StructureManager, ChunkAccess) line: 316"
5,0.01,"net.minecraft.world.level.levelgen.DensityFunctions$TwoArgumentSimpleFunction.create(DensityFunctions$TwoArgumentSimpleFunction$Type, DensityFunction, DensityFunction) line: 984"
5,0.01,"net.minecraft.world.level.levelgen.DensityFunctions$ShiftedNoise.mapAll(DensityFunction$Visitor) line: 689"
5,0.01,"net.minecraft.world.level.levelgen.DensityFunctions$Mapped.create(DensityFunctions$Mapped$Type, DensityFunction) line: 901"
5,0.01,"net.minecraft.world.level.levelgen.Aquifer$NoiseBasedAquifer.computeSubstance(DensityFunction$FunctionContext, double) line: 364"
5,0.01,"net.minecraft.world.level.levelgen.Aquifer$NoiseBasedAquifer.computeSubstance(DensityFunction$FunctionContext, double) line: 248"
5,0.01,"net.minecraft.world.level.chunk.SingleValuePalette.idFor(Object, PaletteResize) line: 32"
5,0.01,"net.minecraft.util.Mth.normal(RandomSource, float, float) line: 787"
5,0.01,"net.minecraft.util.Mth.binarySearch(int, int, IntPredicate) line: 615"
5,0.01,"net.minecraft.server.level.WorldGenRegion.setBlock(BlockPos, BlockState, int, int) line: 260"
5,0.01,"net.minecraft.server.level.ThreadedLevelLightEngine.tryScheduleUpdate() line: 162"
5,0.01,"net.minecraft.server.level.ChunkHolder.addSaveDependency(CompletableFuture) line: 125"
5,0.01,"net.minecraft.core.TypedInstance.is(Object) line: 28"
5,0.01,"java.util.stream.ReferencePipeline$7$1FlatMap.accept(Object) line: 288"
5,0.01,"java.util.stream.ReferencePipeline$2$1.accept(Object) line: 196"
5,0.01,"java.util.stream.Collectors.lambda$groupingBy$0(Function, Supplier, BiConsumer, Map, Object) line: 1112"
5,0.01,"java.util.stream.AbstractPipeline.copyInto(Sink, Spliterator) line: 569"
5,0.01,"java.util.HashMap.removeNode(int, Object, Object, boolean, boolean) line: 847"
5,0.01,"java.util.Collections.unmodifiableMap(Map) line: 1637"
5,0.01,"it.unimi.dsi.fastutil.longs.LongOpenHashSet$SetIterator.nextLong() line: 555"
4,0.01,"sun.security.provider.DigestBase.engineDigest(byte[], int, int) line: 205"
4,0.01,"net.minecraft.world.phys.shapes.VoxelShape.get(Direction$Axis, int) line: 64"
4,0.01,"net.minecraft.world.level.lighting.LightEngine.propagateIncreases() line: 195"
4,0.01,"net.minecraft.world.level.lighting.DynamicGraphMinFixedPoint.checkEdge(long, long, int, int, int, boolean) line: 110"
4,0.01,"net.minecraft.world.level.levelgen.placement.RandomOffsetPlacement.getPositions(PlacementContext, RandomSource, BlockPos) line: 48"
4,0.01,"net.minecraft.world.level.levelgen.placement.EnvironmentScanPlacement.getPositions(PlacementContext, RandomSource, BlockPos) line: 68"
4,0.01,"net.minecraft.world.level.levelgen.carver.CanyonWorldCarver.doCarve(CarvingContext, CanyonCarverConfiguration, ChunkAccess, Function, long, Aquifer, double, double, double, float, float, float, int, int, double, CarvingMask) line: 85"
4,0.01,"net.minecraft.world.level.levelgen.SurfaceRules$WaterConditionSource$1WaterCondition.compute() line: 580"
4,0.01,"net.minecraft.world.level.levelgen.SurfaceRules$SequenceRule.tryApply(int, int, int) line: 384"
4,0.01,"net.minecraft.world.level.levelgen.NoiseChunk$NoiseChunkDensityFunction.maxValue() line: 425"
4,0.01,"net.minecraft.world.level.levelgen.LegacyRandomSource.setSeed(long) line: 36"
4,0.01,"net.minecraft.world.level.levelgen.DensityFunctions$MulOrAdd.mapAll(DensityFunction$Visitor) line: 1110"
4,0.01,"net.minecraft.world.level.levelgen.DensityFunctions$MulOrAdd.equals(Object) line: 1079"
4,0.01,"net.minecraft.world.level.levelgen.DensityFunctions$Mapped.transform(DensityFunctions$Mapped$Type, double) line: 945"
4,0.01,"net.minecraft.world.level.levelgen.DensityFunction$SimpleFunction.mapAll(DensityFunction$Visitor) line: 79"
4,0.01,"net.minecraft.world.level.levelgen.DensityFunction$SimpleFunction.fillArray(double[], DensityFunction$ContextProvider) line: 74"
4,0.01,"net.minecraft.world.level.levelgen.Aquifer$NoiseBasedAquifer.computeSubstance(DensityFunction$FunctionContext, double) line: 369"
4,0.01,"net.minecraft.world.level.levelgen.Aquifer$NoiseBasedAquifer.computeSubstance(DensityFunction$FunctionContext, double) line: 253"
4,0.01,"net.minecraft.world.level.chunk.PalettedContainer.createOrReuseData(PalettedContainer$Data, int) line: 82"
4,0.01,"net.minecraft.world.level.chunk.ChunkGenerator.lambda$applyBiomeDecoration$4(IntSet, FeatureSorter$StepFeatureData, PlacedFeature) line: 338"
4,0.01,"net.minecraft.util.Mth.binarySearch(int, int, IntPredicate) line: 622"
4,0.01,"java.util.stream.ReduceOps$3ReducingSink.begin(long) line: 164"
4,0.01,"java.util.stream.AbstractPipeline.wrapSink(Sink) line: 608"
4,0.01,"java.util.stream.AbstractPipeline.wrapAndCopyInto(Sink, Spliterator) line: 560"
4,0.01,"java.util.concurrent.locks.AbstractQueuedSynchronizer.signalNext(AbstractQueuedSynchronizer$Node) line: 644"
4,0.01,"java.util.concurrent.CompletableFuture.postComplete() line: 526"
4,0.01,"java.util.concurrent.CompletableFuture$UniApply.tryFire(int) line: 667"
4,0.01,"java.util.Objects.requireNonNull(Object) line: 219"
4,0.01,"java.util.ImmutableCollections$AbstractImmutableList.iterator() line: 303"
4,0.01,"java.util.HashMap.newNode(int, Object, Object, HashMap$Node) line: 1910"
4,0.01,"java.util.AbstractList$RandomAccessSpliterator.getFence() line: 691"
4,0.01,"java.lang.StringLatin1.hashCode(byte[]) line: 195"
4,0.01,"it.unimi.dsi.fastutil.longs.LongArrayFIFOQueue.resize(int, int) line: 107"
4,0.01,"it.unimi.dsi.fastutil.longs.Long2FloatLinkedOpenHashMap.shiftKeys(int) line: 404"
4,0.01,"io.github.eath1283.worldgend.OrionV2.fill$isSafe(List, OrionV2, int, int) line: 180"
3,0.01,"sun.security.provider.DigestBase.engineUpdate(byte[], int, int) line: 111"
3,0.01,"net.minecraft.world.phys.shapes.DiscreteVoxelShape.getSize(Direction$Axis) line: 146"
3,0.01,"net.minecraft.world.level.lighting.LightEngine.propagateDecreases() line: 204"
3,0.01,"net.minecraft.world.level.lighting.DataLayerStorageMap.getLayer(long) line: 35"
3,0.01,"net.minecraft.world.level.levelgen.structure.templatesystem.RuleProcessor.processBlock(LevelReader, BlockPos, BlockPos, StructureTemplate$StructureBlockInfo, StructureTemplate$StructureBlockInfo, StructurePlaceSettings) line: 31"
3,0.01,"net.minecraft.world.level.levelgen.placement.PlacementFilter.getPositions(PlacementContext, RandomSource, BlockPos) line: 11"
3,0.01,"net.minecraft.world.level.levelgen.placement.InSquarePlacement.getPositions(PlacementContext, RandomSource, BlockPos) line: 27"
3,0.01,"net.minecraft.world.level.levelgen.feature.foliageplacers.FoliagePlacer.tryPlaceLeaf(WorldGenLevel, FoliagePlacer$FoliageSetter, RandomSource, TreeConfiguration, BlockPos) line: 148"
3,0.01,"net.minecraft.world.level.levelgen.feature.OreFeature.place(FeaturePlaceContext) line: 52"
3,0.01,"net.minecraft.world.level.levelgen.feature.MultifaceGrowthFeature.placeGrowthIfPossible(WorldGenLevel, BlockPos, BlockState, MultifaceGrowthConfiguration, RandomSource, List) line: 61"
3,0.01,"net.minecraft.world.level.levelgen.feature.MonsterRoomFeature.place(FeaturePlaceContext) line: 57"
3,0.01,"net.minecraft.world.level.levelgen.carver.CanyonWorldCarver.initWidthFactors(CarvingContext, CanyonCarverConfiguration, RandomSource) line: 93"
3,0.01,"net.minecraft.world.level.levelgen.SurfaceSystem.buildSurface(RandomState, BiomeManager, Registry, boolean, WorldGenerationContext, ChunkAccess, NoiseChunk, SurfaceRules$RuleSource) line: 124"
3,0.01,"net.minecraft.world.level.levelgen.SurfaceRules$SequenceRuleSource.apply(SurfaceRules$Context) line: 795"
3,0.01,"net.minecraft.world.level.levelgen.NoiseChunk.fillSlice(boolean, int) line: 292"
3,0.01,"net.minecraft.world.level.levelgen.NoiseChunk.fillAllDirectly(double[], DensityFunction) line: 339"
3,0.01,"net.minecraft.world.level.levelgen.Heightmap.primeHeightmaps(ChunkAccess, Set) line: 116"
3,0.01,"net.minecraft.world.level.levelgen.DensityFunctions$TwoArgumentSimpleFunction.create(DensityFunctions$TwoArgumentSimpleFunction$Type, DensityFunction, DensityFunction) line: 983"
3,0.01,"net.minecraft.world.level.levelgen.DensityFunctions$Spline$Coordinate.maxValue() line: 1279"
3,0.01,"net.minecraft.world.level.levelgen.DensityFunctions$ShiftedNoise.mapAll(DensityFunction$Visitor) line: 683"
3,0.01,"net.minecraft.world.level.levelgen.DensityFunctions$ShiftedNoise.compute(DensityFunction$FunctionContext) line: 670"
3,0.01,"net.minecraft.world.level.levelgen.Aquifer$NoiseBasedAquifer.computeSurfaceLevel(int, int, int, Aquifer$FluidStatus, int, boolean) line: 610"
3,0.01,"net.minecraft.world.level.chunk.LevelChunkSection.maybeHas(Predicate) line: 198"
3,0.01,"net.minecraft.world.level.block.state.BlockBehaviour$BlockStateBase.mirror(Mirror) line: 999"
3,0.01,"net.minecraft.world.level.block.VegetationBlock.canSurvive(BlockState, LevelReader, BlockPos) line: 37"
3,0.01,"net.minecraft.world.level.block.MultifaceSpreader.spreadFromFaceTowardDirection(BlockState, LevelAccessor, BlockPos, Direction, Direction, boolean) line: 67"
3,0.01,"net.minecraft.world.level.block.MultifaceSpreader.getSpreadFromFaceTowardDirection(BlockState, BlockGetter, BlockPos, Direction, Direction, MultifaceSpreader$SpreadPredicate) line: 82"
3,0.01,"net.minecraft.world.level.block.MultifaceSpreader$SpreadType$2.getSpreadPos(BlockPos, Direction, Direction) line: 172"
3,0.01,"net.minecraft.world.level.LevelReader.isEmptyBlock(BlockPos) line: 94"
3,0.01,"net.minecraft.util.random.WeightedList$Compact.get(int) line: 206"
3,0.01,"net.minecraft.util.CubicSpline$Multipoint.create(BoundedFloatFunction, float[], List, float[]) line: 72"
3,0.01,"net.minecraft.util.CubicSpline$Multipoint.apply(Object) line: 164"
3,0.01,"net.minecraft.server.level.WorldGenRegion.setBlock(BlockPos, BlockState, int, int) line: 278"
3,0.01,"net.minecraft.server.level.WorldGenRegion.isStateAtPosition(BlockPos, Predicate) line: 422"
3,0.01,"net.minecraft.server.level.ChunkTaskPriorityQueue.resortChunkTasks(int, ChunkPos, int) line: 30"
3,0.01,"net.minecraft.server.level.ChunkHolder.getTickingChunk() line: 90"
3,0.01,"java.util.stream.ForEachOps$ForEachOp$OfRef.accept(Object) line: 186"
3,0.01,"java.util.stream.AbstractPipeline.evaluate(TerminalOp) line: 265"
3,0.01,"java.util.stream.AbstractPipeline.copyInto(Sink, Spliterator) line: 571"
3,0.01,"java.util.concurrent.ForkJoinTask.compareAndSetForkJoinTaskTag(short, short) line: 1407"
3,0.01,"java.util.concurrent.ForkJoinPool.awaitWork(ForkJoinPool$WorkQueue, int) line: 2094"
3,0.01,"java.util.concurrent.ConcurrentLinkedQueue.peek() line: 406"
3,0.01,"java.util.TimSort.minRunLength(int) line: 405"
3,0.01,"java.util.Map.computeIfAbsent(Object, Function) line: 1067"
3,0.01,"java.util.LinkedHashMap.afterNodeInsertion(boolean) line: 324"
3,0.01,"java.util.HashMap.putVal(int, Object, Object, boolean, boolean) line: 651"
3,0.01,"java.util.HashMap.putVal(int, Object, Object, boolean, boolean) line: 636"
3,0.01,"java.util.EnumMap.isValidKey(Object) line: 320"
3,0.01,"java.util.ArrayList.set(int, Object) line: 473"
3,0.01,"java.util.AbstractList$RandomAccessSpliterator.get(List, int) line: 737"
3,0.01,"it.unimi.dsi.fastutil.longs.Long2ObjectOpenHashMap.clone() line: 1356"
3,0.01,"it.unimi.dsi.fastutil.longs.Long2ByteOpenHashMap.find(long) line: 249"
3,0.01,"com.google.common.collect.Iterators$ConcatenatedIterator.getTopMetaIterator() line: 1403"
3,0.01,"com.google.common.cache.LocalCache.connectAccessOrder(ReferenceEntry, ReferenceEntry) line: 1809"
3,0.01,"com.google.common.cache.LocalCache$Segment.getEntry(Object, int) line: 2694"
2,0.01,"net.minecraft.world.ticks.ProtoChunkTicks.schedule(SavedTick) line: 24"
2,0.01,"net.minecraft.world.ticks.LevelChunkTicks.<init>(List) line: 34"
2,0.01,"net.minecraft.world.phys.shapes.DiscreteVoxelShape.forAllAxisFaces(DiscreteVoxelShape$IntFaceConsumer, AxisCycle) line: 267"
2,0.01,"net.minecraft.world.level.lighting.SkyLightEngine.propagateIncrease(long, long, int) line: 177"
2,0.01,"net.minecraft.world.level.levelgen.synth.SimplexNoise.p(int) line: 53"
2,0.01,"net.minecraft.world.level.levelgen.structure.templatesystem.StructureTemplate.processBlockInfos(ServerLevelAccessor, BlockPos, BlockPos, StructurePlaceSettings, List) line: 430"
2,0.01,"net.minecraft.world.level.levelgen.structure.templatesystem.JigsawReplacementProcessor.processBlock(LevelReader, BlockPos, BlockPos, StructureTemplate$StructureBlockInfo, StructureTemplate$StructureBlockInfo, StructurePlaceSettings) line: 38"
2,0.01,"net.minecraft.world.level.levelgen.placement.PlacementFilter.getPositions(PlacementContext, RandomSource, BlockPos) line: 14"
2,0.01,"net.minecraft.world.level.levelgen.feature.trunkplacers.TrunkPlacer.isFree(WorldGenLevel, BlockPos) line: 89"
2,0.01,"net.minecraft.world.level.levelgen.feature.TreeFeature.updateLeaves(LevelAccessor, BoundingBox, Set, Set, Set) line: 208"
2,0.01,"net.minecraft.world.level.levelgen.feature.SpringFeature.place(FeaturePlaceContext) line: 20"
2,0.01,"net.minecraft.world.level.levelgen.feature.SnowAndFreezeFeature.place(FeaturePlaceContext) line: 31"
2,0.01,"net.minecraft.world.level.levelgen.feature.GeodeFeature.place(FeaturePlaceContext) line: 102"
2,0.01,"net.minecraft.world.level.levelgen.feature.DripstoneUtils.growPointedDripstone(LevelAccessor, BlockPos, Direction, int, boolean) line: 99"
2,0.01,"net.minecraft.world.level.levelgen.carver.CanyonWorldCarver.shouldSkip(CarvingContext, float[], double, double, double, int) line: 111"
2,0.01,"net.minecraft.world.level.levelgen.blockpredicates.HasSturdyFacePredicate.test(WorldGenLevel, BlockPos) line: 27"
2,0.01,"net.minecraft.world.level.levelgen.SurfaceRules$SequenceRuleSource.apply(SurfaceRules$Context) line: 797"
2,0.01,"net.minecraft.world.level.levelgen.SurfaceRules$Context.getMinSurfaceLevel() line: 145"
2,0.01,"net.minecraft.world.level.levelgen.SurfaceRules$BlockRuleSource.apply(Object) line: 745"
2,0.01,"net.minecraft.world.level.levelgen.RandomState.getOrCreateRandomFactory(Identifier) line: 123"
2,0.01,"net.minecraft.world.level.levelgen.OreVeinifier.lambda$create$0(DensityFunction, BlockState, PositionalRandomFactory, DensityFunction, DensityFunction, DensityFunction$FunctionContext) line: 77"
2,0.01,"net.minecraft.world.level.levelgen.NoiseChunk.fillAllDirectly(double[], DensityFunction) line: 343"
2,0.01,"net.minecraft.world.level.levelgen.NoiseChunk$NoiseInterpolator.selectCellYZ(int, int) line: 586"
2,0.01,"net.minecraft.world.level.levelgen.NoiseBasedChunkGenerator.applyCarvers(WorldGenRegion, long, RandomState, BiomeManager, StructureManager, ChunkAccess) line: 321"
2,0.01,"net.minecraft.world.level.levelgen.DensityFunctions$WeirdScaledSampler.maxValue() line: 640"
2,0.01,"net.minecraft.world.level.levelgen.DensityFunctions$Spline.compute(DensityFunction$FunctionContext) line: 1214"
2,0.01,"net.minecraft.world.level.levelgen.DensityFunctions$ShiftedNoise.maxValue() line: 700"
2,0.01,"net.minecraft.world.level.levelgen.DensityFunctions$ShiftedNoise.equals(Object) line: 649"
2,0.01,"net.minecraft.world.level.levelgen.DensityFunctions$ShiftB.mapAll(DensityFunction$Visitor) line: 815"
2,0.01,"net.minecraft.world.level.levelgen.DensityFunctions$PureTransformer.fillArray(double[], DensityFunction$ContextProvider) line: 281"
2,0.01,"net.minecraft.world.level.levelgen.DensityFunctions$MulOrAdd.mapAll(DensityFunction$Visitor) line: 1125"
2,0.01,"net.minecraft.world.level.levelgen.DensityFunctions$MulOrAdd.mapAll(DensityFunction$Visitor) line: 1111"
2,0.01,"net.minecraft.world.level.levelgen.DensityFunctions$Mapped.mapAll(DensityFunction$Visitor) line: 967"
2,0.01,"net.minecraft.world.level.levelgen.Aquifer$NoiseBasedAquifer.computeSubstance(DensityFunction$FunctionContext, double) line: 358"
2,0.01,"net.minecraft.world.level.levelgen.Aquifer$NoiseBasedAquifer.computeSubstance(DensityFunction$FunctionContext, double) line: 247"
2,0.01,"net.minecraft.world.level.chunk.status.ChunkStatusTasks.isLighted(ChunkAccess) line: 32"
2,0.01,"net.minecraft.world.level.chunk.status.ChunkStatus.getStatusList() line: 55"
2,0.01,"net.minecraft.world.level.chunk.ProtoChunk.getOrCreateCarvingMask() line: 306"
2,0.01,"net.minecraft.world.level.chunk.LinearPalette.create(int, List) line: 34"
2,0.01,"net.minecraft.world.level.chunk.LevelChunkSection.fillBiomesFromNoise(BiomeResolver, Climate$Sampler, int, int, int) line: 212"
2,0.01,"net.minecraft.world.level.block.SculkVeinBlock.onDischarged(LevelAccessor, BlockState, BlockPos, RandomSource) line: 82"
2,0.01,"net.minecraft.world.level.block.MultifaceSpreader.getSpreadFromFaceTowardDirection(BlockState, BlockGetter, BlockPos, Direction, Direction, MultifaceSpreader$SpreadPredicate) line: 83"
2,0.01,"net.minecraft.world.level.ScheduledTickAccess.scheduleTick(BlockPos, Block, int) line: 22"
2,0.01,"net.minecraft.util.thread.AbstractConsecutiveExecutor.schedule(Runnable) line: 83"
2,0.01,"net.minecraft.util.CubicSpline$Multipoint.mapAll(CubicSpline$CoordinateVisitor) line: 207"
2,0.01,"net.minecraft.util.CubicSpline$Multipoint.linearExtend(float, float[], float, float[], int) line: 138"
2,0.01,"net.minecraft.util.CubicSpline$Multipoint.apply(Object) line: 178"
2,0.01,"net.minecraft.util.CrudeIncrementalIntIdentityHashBiMap.nextId() line: 80"
2,0.01,"net.minecraft.server.level.TicketType.equals(Object) line: 13"
2,0.01,"net.minecraft.server.level.LoadingChunkTracker.runDistanceUpdates(int) line: 50"
2,0.01,"net.minecraft.server.level.DistanceManager$FixedPlayerDistanceChunkTracker.runAllUpdates() line: 243"
2,0.01,"net.minecraft.server.level.ChunkTaskDispatcher.lambda$scheduleForExecution$2(int) line: 90"
2,0.01,"net.minecraft.resources.RegistryOps.create(DynamicOps, HolderLookup$Provider) line: 34"
2,0.01,"net.minecraft.core.Vec3i.equals(Object) line: 58"
2,0.01,"net.minecraft.core.SectionPos.getZeroNode(int, int) line: 212"
2,0.01,"net.minecraft.core.Holder$Reference.is(TagKey) line: 206"
2,0.01,"net.minecraft.core.AxisCycle$3.cycle(Direction$Axis) line: 60"
2,0.01,"java.util.stream.Streams$RangeIntSpliterator.forEachRemaining(IntConsumer) line: 104"
2,0.01,"java.util.stream.Sink$ChainedInt.end() line: 293"
2,0.01,"java.util.stream.ReferencePipeline$7$1FlatMap.end() line: 284"
2,0.01,"java.util.stream.ReferencePipeline$2$1.accept(Object) line: 197"
2,0.01,"java.util.stream.IntPipeline$1$1.accept(int) line: 180"
2,0.01,"java.util.stream.Collectors.groupingBy(Function, Supplier, Collector) line: 1119"
2,0.01,"java.util.stream.AbstractPipeline.isShortCircuitingPipeline() line: 443"
2,0.01,"java.util.concurrent.locks.LockSupport.unpark(Thread) line: 183"
2,0.01,"java.util.concurrent.ForkJoinPool.runWorker(ForkJoinPool$WorkQueue) line: 1999"
2,0.01,"java.util.concurrent.CompletableFuture$AsyncSupply.run() line: 1789"
2,0.01,"java.util.TimSort.binarySort(Object[], int, int, int, Comparator) line: 296"
2,0.01,"java.util.RegularEnumSet$EnumSetIterator.next() line: 79"
2,0.01,"java.util.LinkedHashMap.keySet() line: 629"
2,0.01,"java.util.HashMap.putVal(int, Object, Object, boolean, boolean) line: 671"
2,0.01,"java.util.DualPivotQuicksort.sort(int[], int, int, int) line: 238"
2,0.01,"java.util.ArrayList.grow(int) line: 240"
2,0.01,"it.unimi.dsi.fastutil.longs.LongOpenHashSet$SetIterator.nextLong() line: 550"
2,0.01,"it.unimi.dsi.fastutil.longs.Long2IntOpenHashMap.rehash(int) line: 1411"
2,0.01,"it.unimi.dsi.fastutil.longs.Long2IntOpenHashMap.insert(int, long, int) line: 256"
2,0.01,"it.unimi.dsi.fastutil.longs.Long2FloatLinkedOpenHashMap.find(long) line: 300"
2,0.01,"com.google.common.cache.LocalCache.getOrLoad(Object) line: 4006"
1,0.00,"sun.security.provider.SHA2.implDigest(byte[], int) line: 110"
1,0.00,"net.minecraft.world.ticks.ScheduledTick$1.hashCode(ScheduledTick) line: 43"
1,0.00,"net.minecraft.world.ticks.ScheduledTick$1.hashCode(Object) line: 40"
1,0.00,"net.minecraft.world.phys.shapes.DiscreteVoxelShape.forAllAxisFaces(DiscreteVoxelShape$IntFaceConsumer, AxisCycle) line: 275"
1,0.00,"net.minecraft.world.phys.shapes.DiscreteVoxelShape.forAllAxisFaces(DiscreteVoxelShape$IntFaceConsumer, AxisCycle) line: 268"
1,0.00,"net.minecraft.world.phys.shapes.DiscreteVoxelShape.forAllAxisFaces(DiscreteVoxelShape$IntFaceConsumer, AxisCycle) line: 266"
1,0.00,"net.minecraft.world.phys.shapes.DiscreteVoxelShape.forAllAxisFaces(DiscreteVoxelShape$IntFaceConsumer, AxisCycle) line: 249"
1,0.00,"net.minecraft.world.phys.shapes.DiscreteVoxelShape.forAllAxisFaces(DiscreteVoxelShape$IntFaceConsumer, AxisCycle) line: 247"
1,0.00,"net.minecraft.world.phys.shapes.BitSetDiscreteVoxelShape.lambda$join$2(BooleanOp, DiscreteVoxelShape, int, int, DiscreteVoxelShape, int, int, BitSetDiscreteVoxelShape, int, int, int[], boolean[], int, int, int) line: 130"
1,0.00,"net.minecraft.world.phys.shapes.BitSetDiscreteVoxelShape.isEmpty() line: 101"
1,0.00,"net.minecraft.world.phys.Vec2.lambda$static$0(List) line: 21"
1,0.00,"net.minecraft.world.level.storage.TagValueInput.read(String, Codec) line: 55"
1,0.00,"net.minecraft.world.level.storage.TagValueInput.getShortOr(String, short) line: 155"
1,0.00,"net.minecraft.world.level.lighting.SkyLightEngine.countEmptySectionsBelowIfAtBorder(long) line: 236"
1,0.00,"net.minecraft.world.level.lighting.LightEngine.runLightUpdates() line: 160"
1,0.00,"net.minecraft.world.level.lighting.LightEngine.runLightUpdates() line: 158"
1,0.00,"net.minecraft.world.level.lighting.LevelLightEngine.setLightEnabled(ChunkPos, boolean) line: 84"
1,0.00,"net.minecraft.world.level.lighting.LayerLightSectionStorage.setStoredLevel(long, int) line: 110"
1,0.00,"net.minecraft.world.level.lighting.ChunkSkyLightSources.isEdgeOccluded(BlockState, BlockState) line: 145"
1,0.00,"net.minecraft.world.level.levelgen.synth.NormalNoise.create(RandomSource, NormalNoise$NoiseParameters) line: 44"
1,0.00,"net.minecraft.world.level.levelgen.structure.templatesystem.RuleProcessor.processBlock(LevelReader, BlockPos, BlockPos, StructureTemplate$StructureBlockInfo, StructureTemplate$StructureBlockInfo, StructurePlaceSettings) line: 28"
1,0.00,"net.minecraft.world.level.levelgen.structure.templatesystem.RuleProcessor.processBlock(LevelReader, BlockPos, BlockPos, StructureTemplate$StructureBlockInfo, StructureTemplate$StructureBlockInfo, StructurePlaceSettings) line: 26"
1,0.00,"net.minecraft.world.level.levelgen.structure.templatesystem.ProtectedBlockProcessor.processBlock(LevelReader, BlockPos, BlockPos, StructureTemplate$StructureBlockInfo, StructureTemplate$StructureBlockInfo, StructurePlaceSettings) line: 25"
1,0.00,"net.minecraft.world.level.levelgen.structure.structures.OceanRuinPieces$OceanRuinPiece.getHeight(BlockPos, BlockGetter, BlockPos) line: 326"
1,0.00,"net.minecraft.world.level.levelgen.structure.structures.MineshaftPieces$MineShaftPiece.isInInvalidLocation(LevelAccessor, BoundingBox) line: 129"
1,0.00,"net.minecraft.world.level.levelgen.structure.structures.MineshaftPieces$MineShaftCorridor.canPlaceColumnOnTopOf(LevelReader, BlockPos, BlockState) line: 638"
1,0.00,"net.minecraft.world.level.levelgen.structure.StructurePiece.reorient(BlockGetter, BlockPos, BlockState) line: 410"
1,0.00,"net.minecraft.world.level.levelgen.structure.StructurePiece.placeBlock(WorldGenLevel, BlockState, int, int, int, BoundingBox) line: 216"
1,0.00,"net.minecraft.world.level.levelgen.structure.PoolElementStructurePiece.place(WorldGenLevel, StructureManager, ChunkGenerator, RandomSource, BoundingBox, BlockPos, boolean) line: 94"
1,0.00,"net.minecraft.world.level.levelgen.structure.BoundingBox.fromCorners(Vec3i, Vec3i) line: 69"
1,0.00,"net.minecraft.world.level.levelgen.placement.RandomOffsetPlacement.getPositions(PlacementContext, RandomSource, BlockPos) line: 50"
1,0.00,"net.minecraft.world.level.levelgen.placement.RandomOffsetPlacement.getPositions(PlacementContext, RandomSource, BlockPos) line: 47"
1,0.00,"net.minecraft.world.level.levelgen.placement.PlacementContext.getHeight(Heightmap$Types, int, int) line: 28"
1,0.00,"net.minecraft.world.level.levelgen.placement.PlacedFeature.placeWithContext(PlacementContext, RandomSource, BlockPos) line: 49"
1,0.00,"net.minecraft.world.level.levelgen.placement.PlacedFeature.placeWithBiomeCheck(WorldGenLevel, ChunkGenerator, RandomSource, BlockPos) line: 42"
1,0.00,"net.minecraft.world.level.levelgen.placement.BlockPredicateFilter.shouldPlace(PlacementContext, RandomSource, BlockPos) line: 28"
1,0.00,"net.minecraft.world.level.levelgen.feature.foliageplacers.PineFoliagePlacer.foliageRadius(RandomSource, int) line: 45"
1,0.00,"net.minecraft.world.level.levelgen.feature.foliageplacers.MegaPineFoliagePlacer.createFoliage(WorldGenLevel, FoliagePlacer$FoliageSetter, RandomSource, TreeConfiguration, int, FoliagePlacer$FoliageAttachment, int, int, int) line: 38"
1,0.00,"net.minecraft.world.level.levelgen.feature.foliageplacers.FoliagePlacer.shouldSkipLocationSigned(RandomSource, int, int, int, int, boolean) line: 78"
1,0.00,"net.minecraft.world.level.levelgen.feature.foliageplacers.FoliagePlacer.placeLeavesRow(WorldGenLevel, FoliagePlacer$FoliageSetter, RandomSource, TreeConfiguration, BlockPos, int, int, boolean) line: 86"
1,0.00,"net.minecraft.world.level.levelgen.feature.foliageplacers.BlobFoliagePlacer.foliageHeight(RandomSource, int, TreeConfiguration) line: 43"
1,0.00,"net.minecraft.world.level.levelgen.feature.WaterloggedVegetationPatchFeature.isExposedDirection(WorldGenLevel, BlockPos, BlockPos$MutableBlockPos, Direction) line: 50"
1,0.00,"net.minecraft.world.level.levelgen.feature.VegetationPatchFeature.place(FeaturePlaceContext) line: 35"
1,0.00,"net.minecraft.world.level.levelgen.feature.VegetationPatchFeature.distributeVegetation(FeaturePlaceContext, WorldGenLevel, VegetationPatchConfiguration, RandomSource, Set, int, int) line: 86"
1,0.00,"net.minecraft.world.level.levelgen.feature.TreeFeature.validTreePos(LevelSimulatedReader, BlockPos) line: 55"
1,0.00,"net.minecraft.world.level.levelgen.feature.TreeFeature.updateLeaves(LevelAccessor, BoundingBox, Set, Set, Set) line: 239"
1,0.00,"net.minecraft.world.level.levelgen.feature.TreeFeature.updateLeaves(LevelAccessor, BoundingBox, Set, Set, Set) line: 221"
1,0.00,"net.minecraft.world.level.levelgen.feature.TreeFeature.updateLeaves(LevelAccessor, BoundingBox, Set, Set, Set) line: 213"
1,0.00,"net.minecraft.world.level.levelgen.feature.TreeFeature.place(FeaturePlaceContext) line: 168"
1,0.00,"net.minecraft.world.level.levelgen.feature.TreeFeature.lambda$place$3(TreeDecorator$Context, TreeDecorator) line: 160"
1,0.00,"net.minecraft.world.level.levelgen.feature.TreeFeature.doPlace(WorldGenLevel, RandomSource, BlockPos, BiConsumer, BiConsumer, FoliagePlacer$FoliageSetter, TreeConfiguration) line: 60"
1,0.00,"net.minecraft.world.level.levelgen.feature.SpringFeature.place(FeaturePlaceContext) line: 69"
1,0.00,"net.minecraft.world.level.levelgen.feature.SimpleBlockFeature.place(FeaturePlaceContext) line: 22"
1,0.00,"net.minecraft.world.level.levelgen.feature.LakeFeature.place(FeaturePlaceContext) line: 62"
1,0.00,"net.minecraft.world.level.levelgen.feature.LakeFeature.place(FeaturePlaceContext) line: 124"
1,0.00,"net.minecraft.world.level.levelgen.feature.GeodeFeature.place(FeaturePlaceContext) line: 109"
1,0.00,"net.minecraft.world.level.levelgen.feature.Feature.checkNeighbors(Function, BlockPos, Predicate) line: 170"
1,0.00,"net.minecraft.world.level.levelgen.feature.DripstoneUtils.getDripstoneHeight(double, double, double, double) line: 43"
1,0.00,"net.minecraft.world.level.levelgen.carver.WorldCarver.carveEllipsoid(CarvingContext, CarverConfiguration, ChunkAccess, Function, Aquifer, double, double, double, double, double, CarvingMask, WorldCarver$CarveSkipChecker) line: 99"
1,0.00,"net.minecraft.world.level.levelgen.carver.WorldCarver.carveEllipsoid(CarvingContext, CarverConfiguration, ChunkAccess, Function, Aquifer, double, double, double, double, double, CarvingMask, WorldCarver$CarveSkipChecker) line: 113"
1,0.00,"net.minecraft.world.level.levelgen.carver.CaveWorldCarver.createRoom(CarvingContext, CaveCarverConfiguration, ChunkAccess, Function, Aquifer, double, double, double, float, double, CarvingMask, WorldCarver$CarveSkipChecker) line: 88"
1,0.00,"net.minecraft.world.level.levelgen.carver.CanyonWorldCarver.carve(CarvingContext, CanyonCarverConfiguration, ChunkAccess, Function, RandomSource, Aquifer, ChunkPos, CarvingMask) line: 41"
1,0.00,"net.minecraft.world.level.levelgen.blending.Blender.generateBorderTicks(WorldGenRegion, ChunkAccess) line: 317"
1,0.00,"net.minecraft.world.level.levelgen.XoroshiroRandomSource.nextInt(int) line: 60"
1,0.00,"net.minecraft.world.level.levelgen.SurfaceSystem.buildSurface(RandomState, BiomeManager, Registry, boolean, WorldGenerationContext, ChunkAccess, NoiseChunk, SurfaceRules$RuleSource) line: 174"
1,0.00,"net.minecraft.world.level.levelgen.SurfaceRules$WaterConditionSource.apply(SurfaceRules$Context) line: 584"
1,0.00,"net.minecraft.world.level.levelgen.SurfaceRules$StoneDepthCheck.apply(SurfaceRules$Context) line: 496"
1,0.00,"net.minecraft.world.level.levelgen.SurfaceRules$NotConditionSource.apply(SurfaceRules$Context) line: 459"
1,0.00,"net.minecraft.world.level.levelgen.RandomState.getOrCreateNoise(ResourceKey) line: 119"
1,0.00,"net.minecraft.world.level.levelgen.OreVeinifier.lambda$create$0(DensityFunction, BlockState, PositionalRandomFactory, DensityFunction, DensityFunction, DensityFunction$FunctionContext) line: 65"
1,0.00,"net.minecraft.world.level.levelgen.OreVeinifier.create(DensityFunction, DensityFunction, DensityFunction, PositionalRandomFactory) line: 44"
1,0.00,"net.minecraft.world.level.levelgen.NoiseChunk.swapSlices() line: 400"
1,0.00,"net.minecraft.world.level.levelgen.NoiseChunk.forChunk(ChunkAccess, RandomState, DensityFunctions$BeardifierOrMarker, NoiseGeneratorSettings, Aquifer$FluidPicker, Blender) line: 109"
1,0.00,"net.minecraft.world.level.levelgen.NoiseChunk.<init>(int, RandomState, int, int, NoiseSettings, DensityFunctions$BeardifierOrMarker, NoiseGeneratorSettings, Aquifer$FluidPicker, Blender) line: 174"
1,0.00,"net.minecraft.world.level.levelgen.NoiseChunk.<init>(int, RandomState, int, int, NoiseSettings, DensityFunctions$BeardifierOrMarker, NoiseGeneratorSettings, Aquifer$FluidPicker, Blender) line: 137"
1,0.00,"net.minecraft.world.level.levelgen.NoiseChunk$NoiseInterpolator.<init>(NoiseChunk, DensityFunction) line: 568"
1,0.00,"net.minecraft.world.level.levelgen.NoiseChunk$FlatCache.<init>(NoiseChunk, DensityFunction, boolean) line: 447"
1,0.00,"net.minecraft.world.level.levelgen.NoiseChunk$CacheOnce.compute(DensityFunction$FunctionContext) line: 687"
1,0.00,"net.minecraft.world.level.levelgen.NoiseChunk$Cache2D.compute(DensityFunction$FunctionContext) line: 737"
1,0.00,"net.minecraft.world.level.levelgen.NoiseBasedChunkGenerator.spawnOriginalMobs(WorldGenRegion) line: 482"
1,0.00,"net.minecraft.world.level.levelgen.NoiseBasedChunkGenerator.lambda$fillFromNoise$0(ChunkAccess, int, NoiseSettings, int, Blender, StructureManager, RandomState, int) line: 353"
1,0.00,"net.minecraft.world.level.levelgen.NoiseBasedChunkGenerator.doCreateBiomes(Blender, RandomState, StructureManager, ChunkAccess) line: 102"
1,0.00,"net.minecraft.world.level.levelgen.NoiseBasedChunkGenerator.buildSurface(WorldGenRegion, StructureManager, RandomState, ChunkAccess) line: 273"
1,0.00,"net.minecraft.world.level.levelgen.Heightmap.update(int, int, int, BlockState) line: 157"
1,0.00,"net.minecraft.world.level.levelgen.DensityFunctions$ShiftedNoise.compute(DensityFunction$FunctionContext) line: 672"
1,0.00,"net.minecraft.world.level.levelgen.DensityFunctions$RangeChoice.mapAll(DensityFunction$Visitor) line: 744"
1,0.00,"net.minecraft.world.level.levelgen.DensityFunctions$MulOrAdd.mapAll(DensityFunction$Visitor) line: 1112"
1,0.00,"net.minecraft.world.level.levelgen.DensityFunctions$Mapped.equals(Object) line: 899"
1,0.00,"net.minecraft.world.level.levelgen.DensityFunctions$Mapped.create(DensityFunctions$Mapped$Type, DensityFunction) line: 902"
1,0.00,"net.minecraft.world.level.levelgen.DensityFunctions$FindTopSurface.mapAll(DensityFunction$Visitor) line: 1385"
1,0.00,"net.minecraft.world.level.levelgen.DensityFunctions$FindTopSurface.mapAll(DensityFunction$Visitor) line: 1383"
1,0.00,"net.minecraft.world.level.levelgen.DensityFunctions$Ap2.mapAll(DensityFunction$Visitor) line: 1192"
1,0.00,"net.minecraft.world.level.levelgen.DensityFunctions$Ap2.compute(DensityFunction$FunctionContext) line: 1145"
1,0.00,"net.minecraft.world.level.levelgen.BitRandomSource.nextInt(int) line: 33"
1,0.00,"net.minecraft.world.level.levelgen.BitRandomSource.nextBoolean() line: 49"
1,0.00,"net.minecraft.world.level.levelgen.Beardifier.fillArray(double[], DensityFunction$ContextProvider) line: 121"
1,0.00,"net.minecraft.world.level.levelgen.Aquifer$NoiseBasedAquifer.computeSurfaceLevel(int, int, int, Aquifer$FluidStatus, int, boolean) line: 625"
1,0.00,"net.minecraft.world.level.levelgen.Aquifer$NoiseBasedAquifer.computeSubstance(DensityFunction$FunctionContext, double) line: 246"
1,0.00,"net.minecraft.world.level.levelgen.Aquifer$NoiseBasedAquifer.computeSubstance(DensityFunction$FunctionContext, double) line: 232"
1,0.00,"net.minecraft.world.level.levelgen.Aquifer$NoiseBasedAquifer.computeSubstance(DensityFunction$FunctionContext, double) line: 215"
1,0.00,"net.minecraft.world.level.levelgen.Aquifer$NoiseBasedAquifer.computeSubstance(DensityFunction$FunctionContext, double) line: 209"
1,0.00,"net.minecraft.world.level.levelgen.Aquifer$NoiseBasedAquifer.calculatePressure(DensityFunction$FunctionContext, MutableDouble, Aquifer$FluidStatus, Aquifer$FluidStatus) line: 428"
1,0.00,"net.minecraft.world.level.entity.PersistentEntitySectionManager.startTracking(EntityAccess) line: 220"
1,0.00,"net.minecraft.world.level.chunk.status.ChunkStatusTasks.generateFeatures(WorldGenContext, ChunkStep, StaticCache2D, ChunkAccess) line: 107"
1,0.00,"net.minecraft.world.level.chunk.status.ChunkStatusTasks.generateFeatures(WorldGenContext, ChunkStep, StaticCache2D, ChunkAccess) line: 104"
1,0.00,"net.minecraft.world.level.chunk.ProtoChunk.setBlockState(BlockPos, BlockState, int) line: 170"
1,0.00,"net.minecraft.world.level.chunk.ProtoChunk.setBlockState(BlockPos, BlockState, int) line: 145"
1,0.00,"net.minecraft.world.level.chunk.PalettedContainer.onResize(int, Object) line: 97"
1,0.00,"net.minecraft.world.level.chunk.LevelChunk.getBlockState(BlockPos) line: 221"
1,0.00,"net.minecraft.world.level.chunk.LevelChunk.<init>(ServerLevel, ProtoChunk, LevelChunk$PostLoadProcessor) line: 144"
1,0.00,"net.minecraft.world.level.chunk.LevelChunk.<init>(Level, ChunkPos, UpgradeData, LevelChunkTicks, LevelChunkTicks, long, LevelChunkSection[], LevelChunk$PostLoadProcessor, BlendingData) line: 101"
1,0.00,"net.minecraft.world.level.chunk.ImposterProtoChunk.markUnsaved() line: 175"
1,0.00,"net.minecraft.world.level.chunk.ChunkAccess.setHeightmap(Heightmap$Types, long[]) line: 172"
1,0.00,"net.minecraft.world.level.chunk.ChunkAccess.replaceMissingSections(PalettedContainerFactory, LevelChunkSection[]) line: 116"
1,0.00,"net.minecraft.world.level.chunk.ChunkAccess.lambda$getOrCreateHeightmapUnprimed$0(Heightmap$Types) line: 176"
1,0.00,"net.minecraft.world.level.chunk.ChunkAccess.getMinY() line: 396"
1,0.00,"net.minecraft.world.level.chunk.ChunkAccess.getHighestFilledSectionIndex() line: 137"
1,0.00,"net.minecraft.world.level.chunk.BulkSectionAccess.close() line: 56"
1,0.00,"net.minecraft.world.level.block.state.properties.BooleanProperty.getInternalIndex(Comparable) line: 6"
1,0.00,"net.minecraft.world.level.block.state.StateHolder.setValueInternal(Property, int, Comparable) line: 142"
1,0.00,"net.minecraft.world.level.block.state.BlockBehaviour$BlockStateBase.isFaceSturdy(BlockGetter, BlockPos, Direction, SupportType) line: 1278"
1,0.00,"net.minecraft.world.level.block.state.BlockBehaviour$BlockStateBase.getShape(BlockGetter, BlockPos, CollisionContext) line: 1067"
1,0.00,"net.minecraft.world.level.block.state.BlockBehaviour$BlockStateBase.canSurvive(LevelReader, BlockPos) line: 1220"
1,0.00,"net.minecraft.world.level.block.VineBlock.countFaces(BlockState) line: 87"
1,0.00,"net.minecraft.world.level.block.SculkSpreader$ChargeCursor.update(LevelAccessor, BlockPos, RandomSource, SculkSpreader, boolean) line: 245"
1,0.00,"net.minecraft.world.level.block.SculkSpreader$ChargeCursor.isUnobstructed(LevelAccessor, BlockPos, Direction) line: 310"
1,0.00,"net.minecraft.world.level.block.SculkSpreader$ChargeCursor.getValidMovementPos(LevelAccessor, BlockPos, RandomSource) line: 284"
1,0.00,"net.minecraft.world.level.block.SculkSpreader$ChargeCursor.getValidMovementPos(LevelAccessor, BlockPos, RandomSource) line: 277"
1,0.00,"net.minecraft.world.level.block.MultifaceSpreader$SpreadType$3.getSpreadPos(BlockPos, Direction, Direction) line: 178"
1,0.00,"net.minecraft.world.level.block.MultifaceSpreader$SpreadType$1.getSpreadPos(BlockPos, Direction, Direction) line: 166"
1,0.00,"net.minecraft.world.level.block.MultifaceSpreader$DefaultSpreaderConfig.stateCanBeReplaced(BlockGetter, BlockPos, BlockPos, Direction, BlockState) line: 152"
1,0.00,"net.minecraft.world.level.block.MultifaceSpreader$DefaultSpreaderConfig.canSpreadInto(BlockGetter, BlockPos, MultifaceSpreader$SpreadPos) line: 157"
1,0.00,"net.minecraft.world.level.block.MultifaceBlock.pack(Collection) line: 106"
1,0.00,"net.minecraft.world.level.block.MultifaceBlock.isValidStateForPlacement(BlockGetter, BlockState, BlockPos, Direction) line: 192"
1,0.00,"net.minecraft.world.level.block.LeafLitterBlock.canSurvive(BlockState, LevelReader, BlockPos) line: 61"
1,0.00,"net.minecraft.world.level.block.DecoratedPotBlock.newBlockEntity(BlockPos, BlockState) line: 159"
1,0.00,"net.minecraft.world.level.biome.Climate$Sampler.sample(int, int, int) line: 458"
1,0.00,"net.minecraft.world.level.TicketStorage.getLowestTicket(List, boolean) line: 208"
1,0.00,"net.minecraft.world.level.NaturalSpawner.getTopNonCollidingPos(LevelReader, EntityType, int, int) line: 532"
1,0.00,"net.minecraft.world.level.LevelReader.isWaterAt(BlockPos) line: 155"
1,0.00,"net.minecraft.world.level.Level.getClockTimeTicks(Optional) line: 767"
1,0.00,"net.minecraft.world.level.BlockCollisions.computeNext() line: 86"
1,0.00,"net.minecraft.world.level.BaseSpawner.setEntityId(EntityType, Level, RandomSource, BlockPos) line: 63"
1,0.00,"net.minecraft.world.entity.variant.VariantUtils.getDefaultOrAny(RegistryAccess, ResourceKey) line: 24"
1,0.00,"net.minecraft.world.entity.animal.wolf.Wolf.registerGoals() line: 126"
1,0.00,"net.minecraft.world.entity.ai.sensing.Sensing.<init>(Mob) line: 12"
1,0.00,"net.minecraft.world.entity.ai.goal.Goal.<init>() line: 12"
1,0.00,"net.minecraft.world.entity.ai.behavior.declarative.BehaviorBuilder$TriggerWrapper.<init>(Trigger) line: 209"
1,0.00,"net.minecraft.world.entity.ai.behavior.VillagerGoalPackages.getMinimalLookBehavior() line: 275"
1,0.00,"net.minecraft.world.entity.SpawnPlacements.checkSpawnRules(EntityType, ServerLevelAccessor, EntitySpawnReason, BlockPos, RandomSource) line: 170"
1,0.00,"net.minecraft.world.entity.LivingEntity.readAdditionalSaveData(ValueInput) line: 865"
1,0.00,"net.minecraft.world.entity.LivingEntity.<init>(EntityType, Level) line: 285"
1,0.00,"net.minecraft.world.entity.LivingEntity.<init>(EntityType, Level) line: 234"
1,0.00,"net.minecraft.world.entity.Entity.setGlowingTag(boolean) line: 2902"
1,0.00,"net.minecraft.world.entity.Entity.load(ValueInput) line: 2299"
1,0.00,"net.minecraft.world.entity.Entity.load(ValueInput) line: 2297"
1,0.00,"net.minecraft.world.entity.Entity.getIndirectPassengersStream() line: 3701"
1,0.00,"net.minecraft.world.entity.Entity.<init>(EntityType, Level) line: 367"
1,0.00,"net.minecraft.world.entity.Entity.<init>(EntityType, Level) line: 359"
1,0.00,"net.minecraft.world.entity.Entity.<init>(EntityType, Level) line: 218"
1,0.00,"net.minecraft.world.entity.AgeableMob.addAdditionalSaveData(ValueOutput) line: 160"
1,0.00,"net.minecraft.util.thread.BlockableEventLoop.throwDelayedException() line: 202"
1,0.00,"net.minecraft.util.random.WeightedRandom.getTotalWeight(List, ToIntFunction) line: 16"
1,0.00,"net.minecraft.util.profiling.Zone.addText(Supplier) line: 25"
1,0.00,"net.minecraft.util.CubicSpline$Multipoint.apply(Object) line: 167"
1,0.00,"net.minecraft.util.CrudeIncrementalIntIdentityHashBiMap.hash(Object) line: 138"
1,0.00,"net.minecraft.server.level.WorldGenRegion.setBlock(BlockPos, BlockState, int, int) line: 285"
1,0.00,"net.minecraft.server.level.WorldGenRegion.getChunk(int, int, ChunkStatus, boolean) line: 121"
1,0.00,"net.minecraft.server.level.WorldGenRegion.getCenter() line: 99"
1,0.00,"net.minecraft.server.level.ThreadedLevelLightEngine.runUpdate() line: 194"
1,0.00,"net.minecraft.server.level.ThreadedLevelLightEngine.lambda$initializeLight$2(ChunkPos, boolean, ChunkAccess) line: 132"
1,0.00,"net.minecraft.server.level.ServerLevel.enabledFeatures() line: 1844"
1,0.00,"net.minecraft.server.level.ServerLevel$EntityCallbacks.onTrackingStart(Entity) line: 1760"
1,0.00,"net.minecraft.server.level.LoadingChunkTracker.getLevel(long) line: 27"
1,0.00,"net.minecraft.server.level.GenerationChunkHolder.updateHighestAllowedStatus(ChunkMap) line: 104"
1,0.00,"net.minecraft.server.level.GenerationChunkHolder.replaceProtoChunk(ImposterProtoChunk) line: 122"
1,0.00,"net.minecraft.server.level.ChunkMap.getChunkRangeFuture(ChunkHolder, int, IntFunction) line: 331"
1,0.00,"net.minecraft.server.level.ChunkHolder.lambda$scheduleFullChunkPromotion$2(CompletableFuture, LevelChunk) line: 276"
1,0.00,"net.minecraft.resources.Identifier.validPathChar(char) line: 266"
1,0.00,"net.minecraft.resources.DelegatingOps.createDouble(double) line: 92"
1,0.00,"net.minecraft.nbt.NbtOps.mergeToList(Tag, List) line: 136"
1,0.00,"net.minecraft.nbt.NbtOps$1.get(String) line: 244"
1,0.00,"net.minecraft.nbt.CompoundTag.getStringOr(String, String) line: 384"
1,0.00,"net.minecraft.core.Registry.stream() line: 106"
1,0.00,"net.minecraft.core.MappedRegistry.iterator() line: 219"
1,0.00,"net.minecraft.core.BlockPos.relative(Direction) line: 242"
1,0.00,"net.minecraft.core.BlockPos.east() line: 232"
1,0.00,"net.minecraft.core.BlockPos.below() line: 192"
1,0.00,"net.minecraft.core.BlockPos.atY(int) line: 279"
1,0.00,"net.minecraft.core.BlockPos.above(int) line: 187"
1,0.00,"jdk.jfr.internal.PlatformRecorder.periodicTask() line: 495"
1,0.00,"jdk.jfr.internal.MetadataRepository.flush() line: 374"
1,0.00,"jdk.jfr.Event.<init>() line: 74"
1,0.00,"jdk.internal.misc.Unsafe.allocateInstance(Class)"
1,0.00,"jdk.internal.classfile.impl.StackMapGenerator.detectFrames() line: 910"
1,0.00,"jdk.internal.classfile.impl.SplitConstantPool.utf8Entry(String) line: 41"
1,0.00,"jdk.internal.classfile.impl.SplitConstantPool.canWriteDirect(ConstantPool) line: 125"
1,0.00,"java.util.stream.Sink$ChainedInt.<init>(Sink) line: 283"
1,0.00,"java.util.stream.ReferencePipeline$2$1.begin(long) line: 191"
1,0.00,"java.util.stream.ReduceOps.makeInt(int, IntBinaryOperator) line: 312"
1,0.00,"java.util.stream.ReduceOps$5ReducingSink.begin(long) line: 295"
1,0.00,"java.util.stream.ReduceOps$1.makeSink() line: 91"
1,0.00,"java.util.stream.Nodes$FixedNodeBuilder.begin(long) line: 1221"
1,0.00,"java.util.stream.Collectors.lambda$groupingBy$1(Supplier, Object) line: 1112"
1,0.00,"java.util.stream.AbstractPipeline.wrapSink(Sink) line: 607"
1,0.00,"java.util.stream.AbstractPipeline.sequential() line: 336"
1,0.00,"java.util.stream.AbstractPipeline.evaluate(Spliterator, boolean, IntFunction) line: 633"
1,0.00,"java.util.concurrent.locks.LockSupport.parkNanos(long) line: 408"
1,0.00,"java.util.concurrent.ForkJoinPool.runWorker(ForkJoinPool$WorkQueue) line: 2011"
1,0.00,"java.util.concurrent.ForkJoinPool$WorkQueue.topLevelExec(ForkJoinTask, int) line: 1451"
1,0.00,"java.util.concurrent.ConcurrentLinkedQueue$Node.<init>(Object) line: 192"
1,0.00,"java.util.concurrent.CompletableFuture.unipush(CompletableFuture$Completion) line: 614"
1,0.00,"java.util.concurrent.CompletableFuture.join() line: 2138"
1,0.00,"java.util.concurrent.CompletableFuture.getNow(Object) line: 2155"
1,0.00,"java.util.concurrent.CompletableFuture.cancel(boolean) line: 2554"
1,0.00,"java.util.concurrent.CompletableFuture.bipush(CompletableFuture, CompletableFuture$BiCompletion) line: 1268"
1,0.00,"java.util.concurrent.CompletableFuture.biApply(Object, Object, BiFunction, CompletableFuture$BiApply) line: 1315"
1,0.00,"java.util.concurrent.CompletableFuture$UniHandle.tryFire(int) line: 932"
1,0.00,"java.util.concurrent.CompletableFuture$UniCompletion.claim() line: 589"
1,0.00,"java.util.concurrent.CompletableFuture$UniAccept.tryFire(int) line: 747"
1,0.00,"java.util.concurrent.CompletableFuture$CoCompletion.tryFire(int) line: 1240"
1,0.00,"java.util.concurrent.CompletableFuture$BiRelay.tryFire(int) line: 1524"
1,0.00,"java.util.concurrent.CompletableFuture$BiRelay.tryFire(int) line: 1519"
1,0.00,"java.util.TimSort.mergeLo(int, int, int, int) line: 769"
1,0.00,"java.util.Spliterator.forEachRemaining(Consumer) line: 332"
1,0.00,"java.util.OptionalInt.of(int) line: 115"
1,0.00,"java.util.List.of(Object[]) line: 1166"
1,0.00,"java.util.LinkedHashSet.<init>() line: 167"
1,0.00,"java.util.Iterator.forEachRemaining(Consumer) line: 132"
1,0.00,"java.util.ImmutableCollections$SetN.iterator() line: 1234"
1,0.00,"java.util.ImmutableCollections$ListN.get(int) line: 725"
1,0.00,"java.util.IdentityHashMap.get(Object) line: 349"
1,0.00,"java.util.HashSet.isEmpty() line: 201"
1,0.00,"java.util.HashMap.resize() line: 742"
1,0.00,"java.util.HashMap.putVal(int, Object, Object, boolean, boolean) line: 664"
1,0.00,"java.util.HashMap.putVal(int, Object, Object, boolean, boolean) line: 647"
1,0.00,"java.util.HashMap.putVal(int, Object, Object, boolean, boolean) line: 645"
1,0.00,"java.util.HashMap.putVal(int, Object, Object, boolean, boolean) line: 642"
1,0.00,"java.util.HashMap.getNode(Object) line: 579"
1,0.00,"java.util.HashMap$HashIterator.nextNode() line: 1610"
1,0.00,"java.util.Collections.indexedBinarySearch(List, Object, Comparator) line: 343"
1,0.00,"java.util.Collections.disjoint(Collection, Collection) line: 5942"
1,0.00,"java.util.Collections$UnmodifiableMap.size() line: 1657"
1,0.00,"java.util.Collections$UnmodifiableCollection.contains(Object) line: 1069"
1,0.00,"java.util.Collections$UnmodifiableCollection.<init>(Collection) line: 1063"
1,0.00,"java.util.BitSet.expandTo(int) line: 357"
1,0.00,"java.util.BitSet.ensureCapacity(int) line: 339"
1,0.00,"java.util.Arrays.fill(Object[], Object) line: 3426"
1,0.00,"java.util.Arrays.copyOf(Object[], int) line: 3478"
1,0.00,"java.util.ArrayList.grow(int) line: 238"
1,0.00,"java.util.ArrayList.addAll(Collection) line: 753"
1,0.00,"java.util.ArrayList$ArrayListSpliterator.getFence() line: 1674"
1,0.00,"java.util.ArrayDeque.nonNullElementAt(Object[], int) line: 266"
1,0.00,"java.util.ArrayDeque.delete(int) line: 605"
1,0.00,"java.util.ArrayDeque$DeqIterator.<init>(ArrayDeque) line: 680"
1,0.00,"java.util.AbstractCollection.isEmpty() line: 91"
1,0.00,"java.util.AbstractCollection.addAll(Collection) line: 337"
1,0.00,"java.security.MessageDigest$Delegate.clone() line: 658"
1,0.00,"java.lang.invoke.VarHandleReferences$FieldInstanceReadWrite.setRelease(VarHandle, Object, Object) line: 172"
1,0.00,"java.lang.invoke.VarHandleReferences$FieldInstanceReadWrite.compareAndSet(VarHandle, Object, Object, Object) line: 180"
1,0.00,"java.lang.classfile.FieldModel.fieldTypeSymbol() line: 80"
1,0.00,"java.lang.String.hashCode() line: 2433"
1,0.00,"java.lang.Object.hashCode()"
1,0.00,"java.lang.Math.min(float, float) line: 2162"
1,0.00,"java.lang.Class.getEnumConstantsShared() line: 3434"
1,0.00,"java.lang.Byte.equals(Object) line: 480"
1,0.00,"it.unimi.dsi.fastutil.shorts.ShortArrays.forceCapacity(short[], int, int) line: 126"
1,0.00,"it.unimi.dsi.fastutil.objects.ReferenceImmutableList.indexOf(Object) line: 183"
1,0.00,"it.unimi.dsi.fastutil.objects.ObjectOpenHashSet.rehash(int) line: 855"
1,0.00,"it.unimi.dsi.fastutil.objects.ObjectArrayList.spliterator() line: 1024"
1,0.00,"it.unimi.dsi.fastutil.objects.ObjectArrayList.listIterator(int) line: 836"
1,0.00,"it.unimi.dsi.fastutil.objects.ObjectArrayList.<init>(int) line: 115"
1,0.00,"it.unimi.dsi.fastutil.objects.ObjectArrayList.<init>(Collection) line: 136"
1,0.00,"it.unimi.dsi.fastutil.objects.ObjectArrayList$1.next() line: 852"
1,0.00,"it.unimi.dsi.fastutil.objects.Object2ObjectOpenHashMap$1.forEach(Consumer) line: 1207"
1,0.00,"it.unimi.dsi.fastutil.objects.Object2IntOpenHashMap.find(Object) line: 246"
1,0.00,"it.unimi.dsi.fastutil.objects.Object2IntOpenHashMap.<init>(int, float) line: 96"
1,0.00,"it.unimi.dsi.fastutil.longs.LongOpenHashSet.remove(long) line: 466"
1,0.00,"it.unimi.dsi.fastutil.longs.LongLinkedOpenHashSet.add(long) line: 448"
1,0.00,"it.unimi.dsi.fastutil.longs.LongArrayFIFOQueue.enqueue(long) line: 133"
1,0.00,"it.unimi.dsi.fastutil.longs.LongAVLTreeSet.locateKey(long) line: 242"
1,0.00,"it.unimi.dsi.fastutil.longs.Long2ObjectOpenHashMap.insert(int, long, Object) line: 255"
1,0.00,"it.unimi.dsi.fastutil.longs.Long2ObjectOpenHashMap.computeIfAbsent(long, Long2ObjectFunction) line: 455"
1,0.00,"it.unimi.dsi.fastutil.longs.Long2ObjectOpenHashMap.clone() line: 1355"
1,0.00,"it.unimi.dsi.fastutil.longs.Long2ObjectOpenHashMap.clone() line: 1347"
1,0.00,"it.unimi.dsi.fastutil.longs.Long2ObjectOpenHashMap$MapIterator.nextEntry() line: 673"
1,0.00,"it.unimi.dsi.fastutil.longs.Long2ObjectLinkedOpenHashMap.get(long) line: 655"
1,0.00,"it.unimi.dsi.fastutil.longs.Long2IntOpenHashMap.clone() line: 1444"
1,0.00,"it.unimi.dsi.fastutil.longs.Long2IntOpenHashMap.clone() line: 1437"
1,0.00,"it.unimi.dsi.fastutil.longs.Long2IntOpenHashMap.<init>() line: 123"
1,0.00,"it.unimi.dsi.fastutil.longs.Long2FloatLinkedOpenHashMap.shiftKeys(int) line: 398"
1,0.00,"it.unimi.dsi.fastutil.longs.Long2ByteOpenHashMap.shiftKeys(int) line: 335"
1,0.00,"it.unimi.dsi.fastutil.longs.Long2ByteOpenHashMap.rehash(int) line: 1410"
1,0.00,"it.unimi.dsi.fastutil.longs.Long2ByteOpenHashMap.get(long) line: 370"
1,0.00,"it.unimi.dsi.fastutil.ints.IntArraySet.add(int) line: 376"
1,0.00,"it.unimi.dsi.fastutil.ints.AbstractIntSet.<init>() line: 30"
1,0.00,"com.mojang.serialization.codecs.RecordCodecBuilder$Instance.lambda$ap3$6(RecordCodecBuilder, RecordCodecBuilder, RecordCodecBuilder, RecordCodecBuilder, Object) line: 285"
1,0.00,"com.mojang.serialization.codecs.RecordCodecBuilder$Instance.lambda$ap3$6(RecordCodecBuilder, RecordCodecBuilder, RecordCodecBuilder, RecordCodecBuilder, Object) line: 284"
1,0.00,"com.mojang.serialization.codecs.RecordCodecBuilder$Instance$6.encode(Object, DynamicOps, RecordBuilder) line: 295"
1,0.00,"com.mojang.serialization.DataResult$Success.map(Function) line: 175"
1,0.00,"com.mojang.serialization.Codec$16.read(DynamicOps, Object) line: 638"
1,0.00,"com.google.common.collect.TransformedIterator.next() line: 51"
1,0.00,"com.google.common.collect.TransformedIterator.hasNext() line: 45"
1,0.00,"com.google.common.collect.Sets$1$1.<init>(Sets$1, Set, Set) line: 856"
1,0.00,"com.google.common.collect.RegularImmutableMap.get(Object, ImmutableMapEntry[], int) line: 273"
1,0.00,"com.google.common.collect.RegularImmutableMap.get(Object) line: 262"
1,0.00,"com.google.common.collect.RegularImmutableList.get(int) line: 80"
1,0.00,"com.google.common.collect.Iterators.forArrayWithPosition(Object[], int) line: 1073"
1,0.00,"com.google.common.collect.Iterators$ConcatenatedIterator.hasNext() line: 1426"
1,0.00,"com.google.common.collect.Iterators$6.transform(Object) line: 828"
1,0.00,"com.google.common.collect.ImmutableMap.copyOf(Map) line: 691"
1,0.00,"com.google.common.collect.ImmutableList.asImmutableList(Object[], int) line: 387"
1,0.00,"com.google.common.collect.AbstractIterator.tryToComputeNext() line: 141"
