config,label,scheduler,mosaic_tile,chunks,max_bg_threads_flag,total_ms,mspc_min,mspc_p1,mspc_p25,mspc_p50,mspc_p75,mspc_p99,mspc_max
mosaic_champion_fresh,"Mosaic (control)",mosaic,5,6400,4,232213,0.04,1.61,7.89,35.48,42.53,140.69,1888.75
orion_champion,"Orion v1 (single-threaded)",orion,5,6400,4,288270,0.01,31.32,37.09,40.50,46.05,125.98,1280.69
orion2_champion,"Orion v2 (8 dispatch threads)",orion2,5,6400,4,176145,1.26,4.25,79.73,296.58,680.50,3576.57,18894.50
mosaic_7w,"Mosaic (7 workers)",mosaic,5,6400,7,225093,0.04,1.54,7.94,35.22,42.17,135.57,1587.34
orion2_7w,"Orion v2 (7 workers, 8 dispatch threads)",orion2,5,6400,7,164990,0.89,3.08,71.81,283.88,624.42,3459.70,18946.45
orion2_champion_fresh,"Orion v2 (fresh baseline, pre-backoff, JFR run)",orion2,5,6400,4,171512,0.75,3.90,76.56,305.39,680.68,3716.53,20499.07
orion2_backoff,"Orion v2 (poll backoff, #28)",orion2,5,6400,4,172061,0.65,3.88,87.05,324.11,702.83,3992.83,18311.26
orion2_backoff_completions,"Orion v2 (completions-gated poll, #29)",orion2,5,6400,4,175422,0.95,4.45,82.28,308.82,697.25,3918.62,19414.71
orion2_1_champion,"Orion v2.1 (spatial index, #30)",orion2.1,5,6400,4,153496,0.09,2.59,69.61,275.64,670.28,2686.46,17211.07
orion2_1_4w_fresh,"Orion v2.1 (4 workers, fresh, #33)",orion2.1,5,6400,4,148775,0.07,3.00,67.35,259.82,664.86,2547.92,17577.78
orion2_1_7w,"Orion v2.1 (7 workers, #33)",orion2.1,5,6400,7,132949,0.18,2.69,61.84,236.43,585.44,2213.49,16529.20
orion2_2_4w_scatter,"Orion v2.2 (scatter order, 4 workers, #35)",orion2.1,5,6400,4,146021,1.57,4.89,22.47,144.10,517.16,3406.41,10787.47
orion2_2_7w_scatter,"Orion v2.2 (scatter order, 7 workers, #35)",orion2.1,5,6400,7,136583,1.20,4.47,23.66,115.88,489.40,3228.48,10730.10
orion2_1_7w_tile6,"Orion v2.1 (7 workers, tile 6, #39)",orion2.1,6,9216,7,188157,0.45,5.93,84.70,324.11,844.71,2960.79,22311.08
orion2_2_7w_tile6,"Orion v2.2 (7 workers, tile 6, #39)",orion2.2,6,9216,7,191976,1.49,8.35,39.62,128.56,535.02,5704.12,13027.86
orion2_1_7w_tile5_35rerun,"Orion v2.1 7w (tile 5, #35 rerun)",orion2.1,5,6400,7,130887,0.23,2.63,64.28,233.97,556.66,2137.99,15471.00
orion2_2_7w_tile5_35rerun,"Orion v2.2 7w (tile 5, #35 rerun)",orion2.2,5,6400,7,135616,1.40,4.53,21.32,104.92,470.74,3405.44,10334.68
orion2_1_4w_tile5_35rerun,"Orion v2.1 4w (tile 5, #35 rerun)",orion2.1,5,6400,4,147001,0.26,2.62,73.70,258.00,645.26,2391.63,17946.87
orion2_2_4w_tile5_35rerun,"Orion v2.2 4w (tile 5, #35 rerun)",orion2.2,5,6400,4,153339,1.07,4.06,21.96,146.73,496.65,3922.84,12861.80
orion2_1_7w_tile5_polldecouple,"Orion v2.1 7w (tile 5, #41 poll-decouple)",orion2.1,5,6400,7,135215,0.63,2.63,62.70,239.29,630.71,2222.94,16051.55
orion2_2_7w_tile5_polldecouple,"Orion v2.2 7w (tile 5, #41 poll-decouple)",orion2.2,5,6400,7,133864,0.97,3.99,25.29,120.09,464.24,3129.69,9472.25
orion2_1_7w_tile5_mif8,"Orion v2.1 7w tile5 maxInFlight=8 (#42)",orion2.1,5,6400,7,143876,0.48,4.91,19.25,59.91,173.21,2146.77,8879.95
orion2_1_7w_tile5_mif16,"Orion v2.1 7w tile5 maxInFlight=16 (#42)",orion2.1,5,6400,7,132773,0.53,3.33,43.87,123.04,297.42,3827.26,12144.01
orion2_1_7w_tile5_mif32,"Orion v2.1 7w tile5 maxInFlight=32 (#42)",orion2.1,5,6400,7,136088,1.04,2.90,74.60,249.11,580.67,2092.52,15896.20
orion2_1_7w_tile5_mif64,"Orion v2.1 7w tile5 maxInFlight=64 (#42)",orion2.1,5,6400,7,135708,0.22,2.35,60.74,238.05,639.44,2164.12,16460.97
orion2_2_7w_tile5_mif8,"Orion v2.2 7w tile5 maxInFlight=8 (#42)",orion2.2,5,6400,7,136191,1.03,3.85,9.92,15.93,64.55,2241.06,7806.25
orion2_2_7w_tile5_mif16,"Orion v2.2 7w tile5 maxInFlight=16 (#42)",orion2.2,5,6400,7,134101,1.21,3.99,19.39,60.94,272.19,3453.57,10331.73
orion2_2_7w_tile5_mif32,"Orion v2.2 7w tile5 maxInFlight=32 (#42)",orion2.2,5,6400,7,139577,1.01,3.87,23.09,129.08,469.50,3137.50,11725.50
orion2_2_7w_tile5_mif64,"Orion v2.2 7w tile5 maxInFlight=64 (#42)",orion2.2,5,6400,7,132609,1.17,4.68,20.70,111.31,466.06,3228.79,9650.95
orion2_1_7w_tile5_bucketedisSafe,"Orion v2.1 7w tile5 bucketed isSafe (#43)",orion2.1,5,6400,7,132868,0.74,2.97,63.43,243.01,583.31,2105.37,15902.33
orion2_2_7w_tile5_bucketedisSafe,"Orion v2.2 7w tile5 bucketed isSafe (#43)",orion2.2,5,6400,7,137036,1.12,4.28,23.51,139.51,490.27,3739.17,10768.74
orion3_7w_tile5_champion_patched,"Orion v3 patched (7w, tile5, champion, #49)",orion3,5,6400,7,133585,1.02,3.11,67.35,238.25,567.39,2567.53,16799.64
orion3_7w_tile6_champion_jfr,"Orion v3 patched (7w, tile6, champion, JFR profiled, #50)",orion3,6,9216,7,184660,0.28,6.47,78.49,293.28,778.03,3110.63,21071.62
orion2_1_cpu_trace_51,"Orion v2.1 (7w, tile5, CPU-traced, #51)",orion2.1,5,6400,7,139230,1.05,2.33,63.53,246.74,642.43,2399.28,17182.05
orion2_2_cpu_trace_51,"Orion v2.2 (7w, tile5, CPU-traced, #51)",orion2.2,5,6400,7,137340,1.28,4.20,23.25,115.11,487.59,3700.77,10367.78
orion3_cpu_trace_51,"Orion v3 patched (7w, tile5, CPU-traced, #51)",orion3,5,6400,7,132446,1.03,2.47,66.79,225.01,564.24,2254.80,15892.86
run,run,orion3,5,6400,7,128403,0.98,2.30,63.07,216.83,543.40,2317.41,16331.48
orion3_53_control,"Orion v3 patched (control, #53 A/B)",orion3,5,6400,7,129467,0.5,3.14,65.61,227.87,523.4,2673.96,15650.7
orion3_1_53,"Orion v3.1 (biome-memo patch, #53)",orion3,5,6400,7,130502,0.09,2.86,66.87,226.72,565.97,2333.66,15487.53
orion3_54_wc50,"Orion v3 (#54, waitCeilingMs=50, MethodHandle dispatch)",orion3,5,6400,7,130484,0.76,3.15,61.64,227.29,552.37,3127.01,15119.68
orion3_54_wc20,"Orion v3 (#54, waitCeilingMs=20)",orion3,5,6400,7,130578,0.25,2.77,64.67,231.74,566.21,2400.08,16018.72
orion3_54_wc10,"Orion v3 (#54, waitCeilingMs=10)",orion3,5,6400,7,129373,0.98,3.19,65.17,227.22,555.29,2028.69,15731.76
orion3_champion_10ms_default_1,"Orion v3 champion (10ms default confirm, run 1)",orion3,5,6400,7,130445,0.09,3.16,62.15,220.13,549.73,1817.43,15221.09
orion3_champion_10ms_default_2,"Orion v3 champion (10ms default confirm, run 2)",orion3,5,6400,7,128431,0.31,2.57,65.65,218.96,566.47,2152.74,15344.19
orion3_55_structures_true,"Orion v3 champion (generate-structures=true, control)",orion3,5,6400,7,126516,0.11,2.39,59.89,216.16,560.73,2046.87,15086.66
orion3_55_structures_false,Orion v3 champion (generate-structures=false),orion3,5,6400,7,121397,0.74,2.87,65.01,222.3,582.89,2080.14,11377.66
orion4_59_baseline_no_patches,"Orion v3 champion baseline (tile=6, origin, no structure/DFC patches)",orion3,6,9216,7,181639,1.59,5.71,79.74,293.58,744.90,3399.04,21003.02
orion4_59_structure_patch_only,"Orion v4 champion (structure-gen fix only, DFC off, tile=6 origin)",orion4,6,9216,7,187663,0.65,6.76,78.39,297.79,806.79,3234.76,21310.56
orion4_59_with_dfc,"Orion v4 + DFC (#59, measured regression, tile=6 origin)",orion4,6,9216,7,231184,0.08,5.78,72.56,336.83,953.03,4238.33,35956.10
orion4_60_dfc_field_cache,"Orion v4 + DFC, real per-instance field cache (#60, still regression)",orion4,6,9216,7,218796,0.93,5.48,70.07,305.89,915.19,3850.84,31975.54
orion4_61_dfc_interpreted,"Orion v4 + DFC, monomorphic interpreter class (#61, parity/noise-band)",orion4,6,9216,7,192627,0.09,5.87,72.40,268.11,819.26,3281.16,23272.91
orion4_61_dfc_interpreted_run2,"Orion v4 + DFC, monomorphic interpreter, replication run 2 (#61)",orion4,6,9216,7,198734,0.77,5.78,76.37,286.33,848.99,3566.46,24205.36
orion5_62_smoke_tile1_r1,"Orion v5 smoke (tile 1, verify on, pre status-name fix)",orion5,1,256,7,4448,0.70,226.67,521.62,681.60,1091.34,2635.61,2719.86
orion5_62_smoke_tile1_r2,"Orion v5 smoke (tile 1, verify on)",orion5,1,256,7,4750,12.43,299.67,624.67,728.53,1237.15,3051.94,3060.44
orion5_62_smoke_tile1_r3,"Orion v5 smoke (tile 1, verify on)",orion5,1,256,7,4731,5.81,262.10,541.08,626.02,1184.88,3176.91,3181.18
orion5_62_smoke_tile1_r4,"Orion v5 smoke (tile 1, verify on)",orion5,1,256,7,4364,0.21,264.91,544.04,634.91,1115.69,2945.76,2985.51
orion5_62_corr_v4_a,"Orion v4 correctness control A (tile 3, histogram-instrumented)",orion4,3,2304,7,54636,0.88,1.43,18.18,92.92,239.15,917.24,7408.71
orion5_62_corr_v5_a,"Orion v5 correctness run A (tile 3, histogram-instrumented)",orion5,3,2304,7,26157,2.78,339.94,453.13,509.53,561.26,6352.13,6751.41
orion5_62_corr_v4_b,"Orion v4 correctness control B (tile 3, histogram-instrumented)",orion4,3,2304,7,55585,1.03,1.46,16.49,84.37,228.98,960.25,8097.39
orion5_62_corr_v5_b,"Orion v5 correctness run B (tile 3, histogram + verify)",orion5,3,2304,7,30465,0.09,296.25,460.22,508.36,573.38,10162.64,11981.51
orion5_62_v4_control_r1,"Orion v4 champion control, interleaved run 1 (tile 6 origin, CPU-traced)",orion4,6,9216,7,190632,0.12,5.74,80.69,295.65,802.32,3156.02,23004.43
orion5_62_v5_r1,"Orion v5 champion, interleaved run 1 (tile 6 origin, CPU-traced)",orion5,6,9216,7,79733,0.40,284.59,426.97,479.37,550.71,1745.38,7947.80
orion5_62_v4_control_r2,"Orion v4 champion control, interleaved run 2 (tile 6 origin, CPU-traced)",orion4,6,9216,7,191716,1.34,5.23,77.77,295.74,791.71,3407.73,22556.17
orion5_62_v5_r2,"Orion v5 champion, interleaved run 2 (tile 6 origin, CPU-traced)",orion5,6,9216,7,75203,0.71,291.96,407.35,456.96,523.18,1483.43,7130.18
orion5_62_v5_jfr,"Orion v5 champion + JFR profile (tile 6 origin, #62 lane breakdown)",orion5,6,9216,7,78096,0.72,287.58,419.39,471.05,541.57,1716.85,7468.60
orion5_62_v5_maxinflight256,"Orion v5 champion, orion.maxinflight=256 (tile 6 origin)",orion5,6,9216,7,78741,0.10,1093.85,1553.20,1726.43,2002.82,16057.40,16130.47
orion5_62_v5_maxinflight16,"Orion v5 champion, orion.maxinflight=16 (tile 6 origin)",orion5,6,9216,7,74014,0.07,62.23,87.32,101.87,124.71,646.11,4709.65
dragrace3_orion4_r1,"Orion v4 drag race #63 round 1 (tile 5, interleaved vs Paper/Leaf)",orion4,5,6400,7,131587,0.50,2.87,66.93,226.02,541.75,2423.67,16533.82
dragrace3_orion4_r2,"Orion v4 drag race #63 round 2 (tile 5, interleaved vs Paper/Leaf)",orion4,5,6400,7,133558,1.06,2.75,63.98,223.65,548.27,2373.61,16493.06
dragrace3_orion4_r3,"Orion v4 drag race #63 round 3 (tile 5, interleaved vs Paper/Leaf)",orion4,5,6400,7,137449,0.46,2.71,71.43,249.33,578.23,2817.66,16216.29
dragrace3_orion5_r1,"Orion v5 drag race #63 round 1 (tile 5, interleaved vs Paper/Leaf)",orion5,5,6400,7,54845,0.10,264.61,386.34,432.80,501.23,1471.42,9802.12
dragrace3_orion5_r2,"Orion v5 drag race #63 round 2 (tile 5, interleaved vs Paper/Leaf)",orion5,5,6400,7,56371,0.38,255.21,377.23,431.14,516.21,2018.49,10654.47
dragrace3_orion5_r3,"Orion v5 drag race #63 round 3 (tile 5, interleaved vs Paper/Leaf)",orion5,5,6400,7,54006,1.07,263.79,370.35,414.37,485.81,1408.06,9869.64
det65_t6_base_r1,"Orion v5 control #65 round 1 (tile 6, rotating order)",orion5,6,9216,7,83925,1.31,313.85,425.10,481.30,562.17,1789.60,11214.53
det65_t6_base_r2,"Orion v5 control #65 round 2 (tile 6, rotating order)",orion5,6,9216,7,82681,5.06,314.13,431.52,478.82,548.54,1438.18,11090.16
det65_t6_base_r3,"Orion v5 control #65 round 3 (tile 6, rotating order)",orion5,6,9216,7,73435,0.10,257.98,372.20,422.60,497.86,1654.50,8894.66
det65_t6_region_r1,"Orion v5 deterministic region+light #65 round 1 (tile 6, rotating order)",orion5,6,9216,7,86231,0.25,13.84,60.66,120.25,881.33,3032.46,12040.41
det65_t6_region_r2,"Orion v5 deterministic region+light #65 round 2 (tile 6, rotating order)",orion5,6,9216,7,82197,0.26,14.20,58.21,117.71,796.32,2441.19,13012.24
det65_t6_region_r3,"Orion v5 deterministic region+light #65 round 3 (tile 6, rotating order)",orion5,6,9216,7,87768,2.73,14.11,58.31,120.11,848.52,2769.39,13093.57
det65_t6_closure_r1,"Orion v5 deterministic closure+light #65 round 1 (tile 6, rotating order)",orion5,6,9216,7,92955,1.92,11.87,48.68,162.93,1124.33,3304.93,12406.77
det65_t6_closure_r2,"Orion v5 deterministic closure+light #65 round 2 (tile 6, rotating order)",orion5,6,9216,7,98321,1.83,13.62,57.09,158.02,1078.28,3117.70,18464.54
det65_t6_closure_r3,"Orion v5 deterministic closure+light #65 round 3 (tile 6, rotating order)",orion5,6,9216,7,94989,2.68,11.92,49.70,170.84,1070.87,2975.05,16960.69
simd66_verify_vanilla_r1,simd66_verify_vanilla_r1 (worker-count diagnostic),orion5,2,1024,7,18957,7.87,44.72,253.96,1109.28,1387.08,5784.70,5812.61
simd66_correctness_vanilla_r1,simd66_correctness_vanilla_r1,orion5,2,1024,7,18266,6.98,18.58,180.09,786.19,1102.44,7582.14,7612.85
simd66_correctness_vector_r1,simd66_correctness_vector_r1,orion5.1,2,1024,7,21649,6.11,21.40,270.87,713.62,982.36,11532.22,11575.76
simd66_correctness_scalar_r1,simd66_correctness_scalar_r1,orion5.1,2,1024,7,17552,7.97,30.62,202.26,795.07,1015.03,7069.09,7073.25
simd66_blocks_vanilla_r1,simd66_blocks_vanilla_r1,orion5,2,1024,7,22253,7.72,23.96,263.89,870.25,1105.83,6316.31,6349.32
simd66_blocks_vector_r1,simd66_blocks_vector_r1,orion5.1,2,1024,7,20830,5.41,11.81,231.38,750.77,957.46,7175.39,7215.37
simd66_blocks_scalar_r1,simd66_blocks_scalar_r1,orion5.1,2,1024,7,18605,4.85,20.30,171.48,771.39,923.40,4800.44,4832.22
simd66_t5_vanilla_r1,simd66_t5_vanilla_r1,orion5,5,6400,7,64801,0.16,302.97,462.89,521.61,606.82,1857.44,10140.14
simd66_t5_vector_r1,simd66_t5_vector_r1,orion5.1,5,6400,7,55265,0.30,247.49,357.76,398.66,469.62,1352.84,12614.34
simd66_t5_scalar_r1,simd66_t5_scalar_r1,orion5.1,5,6400,7,62213,1.81,232.00,403.10,454.38,548.21,2165.51,13489.21
simd66_t5_vector_r2,simd66_t5_vector_r2,orion5.1,5,6400,7,57128,0.10,265.85,371.94,422.29,496.07,2268.45,11571.71
simd66_t5_scalar_r2,simd66_t5_scalar_r2,orion5.1,5,6400,7,58612,0.11,241.57,397.51,445.64,538.55,2192.10,9889.42
simd66_t5_vanilla_r2,simd66_t5_vanilla_r2,orion5,5,6400,7,62877,0.20,293.67,421.57,470.90,555.33,3227.20,12193.71
simd66_t5_scalar_r3,simd66_t5_scalar_r3,orion5.1,5,6400,7,56893,0.47,257.00,407.15,458.13,531.52,1724.37,9041.64
simd66_t5_vanilla_r3,simd66_t5_vanilla_r3,orion5,5,6400,7,61812,0.38,296.12,416.73,468.67,553.97,2625.66,11566.31
simd66_t5_vector_r3,simd66_t5_vector_r3,orion5.1,5,6400,7,62756,0.50,259.02,375.33,422.78,495.43,3098.06,17024.11
alloc68_orion5_r1,"Orion orion5 (finding #68, run 1)",orion5,5,6400,7,51508,0.31,248.44,371.67,421.47,494.26,1445.03,7266.84
alloc68_orion5_r2,"Orion orion5 (finding #68, run 2)",orion5,5,6400,7,50803,0.48,238.58,351.78,400.43,471.46,5721.94,44151.24
alloc68_orion53_r1,"Orion orion5.3 (finding #68, run 1)",orion5.3,5,6400,7,59755,0.51,263.36,432.72,497.13,584.48,1521.60,7548.73
alloc68_orion53_r2,"Orion orion5.3 (finding #68, run 2)",orion5.3,5,6400,7,50350,0.64,224.40,353.31,400.73,476.96,5649.73,44240.32
c1gc69_orion54_r1,"Orion orion5.4 (finding #69, round 1)",orion5.4,5,6400,7,57760,1.84,258.72,404.97,465.28,545.09,1725.78,7312.16
c1gc69_orion53_r1,"Orion orion5.3 (finding #69, round 1)",orion5.3,5,6400,7,52430,0.82,243.58,354.31,402.23,477.99,1554.39,9678.42
c1gc69_orion53_r2,"Orion orion5.3 (finding #69, round 2)",orion5.3,5,6400,7,54561,6.72,235.79,367.72,417.63,505.27,1512.33,9926.02
c1gc69_orion54_r2,"Orion orion5.4 (finding #69, round 2)",orion5.4,5,6400,7,63075,0.44,268.33,433.48,495.23,573.69,1736.44,9116.72
c1gc69_orion54_t16,"Orion orion5.4, 256x256 sustained run (finding #69)",orion5.4,16,65536,7,573361,0.71,286.12,400.23,450.94,517.88,3245.97,45011.89
c1gc69_batch_orion53_clean,"Orion orion5.3 (finding #69 addendum, post-batch-fix pair)",orion5.3,5,6400,7,55386,0.84,239.49,370.52,421.52,503.71,1488.73,10595.56
c1gc69_batch_orion54_clean,"Orion orion5.4 (finding #69 addendum, post-batch-fix pair)",orion5.4,5,6400,7,58718,0.15,245.01,413.43,466.18,537.64,1617.95,8181.43
orion55_70_ab1_v54_r1,"Orion orion5.4 (finding #70, set A (pre race fix), round 1)",orion5.4,5,6400,7,58407,0.27,287.06,408.94,460.00,526.07,1778.41,8786.34
orion55_70_ab1_v54_r2,"Orion orion5.4 (finding #70, set A (pre race fix), round 2)",orion5.4,5,6400,7,61556,0.31,284.13,443.31,504.34,587.23,1726.97,7720.43
orion55_70_ab1_v54_r3,"Orion orion5.4 (finding #70, set A (pre race fix), round 3)",orion5.4,5,6400,7,56786,0.23,247.11,408.23,457.22,527.14,1652.32,6466.13
orion55_70_ab1_v55_r1,"Orion orion5.5 (finding #70, set A (pre race fix), cargo build overlapped, round 1)",orion5.5,5,6400,7,52343,0.18,254.49,371.33,418.78,500.21,1533.54,6976.84
orion55_70_ab1_v55_r2,"Orion orion5.5 (finding #70, set A (pre race fix), round 2)",orion5.5,5,6400,7,52423,0.09,207.93,331.00,375.79,468.32,1379.44,11087.31
orion55_70_ab1_v55_r3,"Orion orion5.5 (finding #70, set A (pre race fix), round 3)",orion5.5,5,6400,7,52696,0.17,228.01,349.33,397.83,473.20,1610.09,10304.88
orion55_70_ab2_v53_r1,"Orion orion5.3 (finding #70, ablation set B (pre race fix), round 1)",orion5.3,5,6400,7,54665,0.08,240.74,370.35,415.25,485.07,1585.50,10568.15
orion55_70_ab2_v53_r2,"Orion orion5.3 (finding #70, ablation set B (pre race fix), round 2)",orion5.3,5,6400,7,54697,0.39,248.67,365.15,413.24,490.75,1474.33,10649.77
orion55_70_ab2_v54_r1,"Orion orion5.4 (finding #70, ablation set B (pre race fix), round 1)",orion5.4,5,6400,7,63438,0.13,306.10,418.75,481.79,552.57,1763.01,11128.95
orion55_70_ab2_v54_r2,"Orion orion5.4 (finding #70, ablation set B (pre race fix), round 2)",orion5.4,5,6400,7,56912,0.41,286.48,411.04,464.92,540.82,1391.60,6450.37
orion55_70_ab2_v55_r1,"Orion orion5.5 (finding #70, ablation set B (pre race fix), round 1)",orion5.5,5,6400,7,55384,0.14,240.48,356.04,402.28,499.70,1642.92,11378.32
orion55_70_ab2_v55_r2,"Orion orion5.5 (finding #70, ablation set B (pre race fix), round 2)",orion5.5,5,6400,7,52592,0.10,235.45,346.56,391.33,487.09,1656.40,10320.90
orion55_70_ab2_v55p0_r1,"Orion orion5.5 pressure=0 (finding #70, ablation set B (pre race fix), round 1)",orion5.5,5,6400,7,58471,0.11,228.37,387.33,444.15,514.50,1594.26,10480.24
orion55_70_ab3_v53_r1,"Orion orion5.3 (finding #70, set C (race fix), round 1)",orion5.3,5,6400,7,51701,0.09,242.78,365.56,419.22,503.59,1512.33,7564.29
orion55_70_ab3_v53_r2,"Orion orion5.3 (finding #70, set C (race fix), round 2)",orion5.3,5,6400,7,52886,0.13,252.65,372.67,421.58,489.61,1410.41,8495.36
orion55_70_ab3_v53_r3,"Orion orion5.3 (finding #70, set C (race fix), round 3)",orion5.3,5,6400,7,62263,0.14,316.91,463.12,518.63,598.03,2000.14,8308.79
orion55_70_ab3_v54_r1,"Orion orion5.4 (finding #70, set C (race fix), round 1)",orion5.4,5,6400,7,57013,0.13,255.75,413.30,469.75,547.95,1490.28,5778.02
orion55_70_ab3_v54_r2,"Orion orion5.4 (finding #70, set C (race fix), round 2)",orion5.4,5,6400,7,63092,0.74,312.61,443.34,513.04,603.10,1773.29,7877.42
orion55_70_ab3_v54_r3,"Orion orion5.4 (finding #70, set C (race fix), round 3)",orion5.4,5,6400,7,58010,0.17,262.23,402.43,460.03,528.11,1652.92,8229.03
orion55_70_ab3_v55_r1,"Orion orion5.5 (finding #70, set C (race fix), round 1)",orion5.5,5,6400,7,52285,0.12,232.12,343.34,387.45,460.65,1368.46,10857.24
orion55_70_ab3_v55_r2,"Orion orion5.5 (finding #70, set C (race fix), round 2)",orion5.5,5,6400,7,52070,0.09,257.61,375.74,424.92,500.04,1554.28,6900.38
orion55_70_ab3_v55_r3,"Orion orion5.5 (finding #70, set C (race fix), round 3)",orion5.5,5,6400,7,49948,0.72,226.03,341.46,387.87,463.92,1435.31,7632.08
orion55_70_ab3_v55p0_r1,"Orion orion5.5 pressure=0 (finding #70, set C (race fix), round 1)",orion5.5,5,6400,7,59735,0.45,250.82,414.76,477.29,568.88,1462.04,7405.14
orion55_70_ab3_v55p0_r2,"Orion orion5.5 pressure=0 (finding #70, set C (race fix), round 2)",orion5.5,5,6400,7,56120,0.16,253.99,390.36,442.49,509.26,1613.50,7775.02
orion55_70_ab3_v55p0_r3,"Orion orion5.5 pressure=0 (finding #70, set C (race fix), round 3)",orion5.5,5,6400,7,55808,0.07,246.53,388.36,439.19,515.02,1590.52,7586.40
orion55_70_fin_v54_r1,"Orion orion5.4 (finding #70, set D (final code), round 1)",orion5.4,5,6400,7,57498,0.44,258.98,405.42,463.40,542.13,1561.44,7227.79
orion55_70_fin_v54_r2,"Orion orion5.4 (finding #70, set D (final code), round 2)",orion5.4,5,6400,7,58461,0.40,253.82,404.78,464.78,539.05,1616.86,8480.44
orion55_70_fin_v55_r1,"Orion orion5.5 (finding #70, set D (final code), round 1)",orion5.5,5,6400,7,53174,0.09,233.07,333.20,377.08,470.43,1537.69,11843.11
orion55_70_fin_v55_r2,"Orion orion5.5 (finding #70, set D (final code), round 2)",orion5.5,5,6400,7,51787,0.22,230.35,335.68,378.73,460.20,1353.48,11425.54
orion55_70_big_v55_r1,"Orion orion5.5 (finding #70, 256x256 (collectionUsage trigger, superseded), round 1)",orion5.5,16,65536,7,1151708,0.36,252.36,341.27,388.14,476.36,8382.67,109145.93
orion55_70_big_v54_r1,"Orion orion5.4 (finding #70, 256x256, round 1)",orion5.4,16,65536,7,581520,0.18,302.50,408.63,460.93,528.42,3445.90,54019.04
orion55_70_big2_v55_r2,"Orion orion5.5 (finding #70, 256x256, round 2)",orion5.5,16,65536,7,546059,0.26,268.70,361.64,405.40,463.65,3176.47,40588.21
orion55_70_big3_v54_r3,"Orion orion5.4 (finding #70, 256x256, round 3)",orion5.4,16,65536,7,513438,0.47,251.72,356.33,402.42,464.91,3046.39,10955.79
orion55_70_big3_v55_r3,"Orion orion5.5 (finding #70, 256x256, round 3)",orion5.5,16,65536,7,518565,0.15,250.69,340.47,382.68,440.73,3214.06,9402.12
orion71_v55_jfr_diskpoll,"Orion orion5.5 (finding #71, 256x256, JFR-profiled + disk-polled)",orion5.5,16,65536,7,584038,0.17,290.28,388.37,433.04,493.64,3160.2,14309.58
v57_baseline_r0,"Noise baseline (Orion 5.6, run 0)",orion5.6,5,6400,7,54529,0.07,60.71,86.62,100.20,125.03,693.21,5463.11
v57_profile0_jfr_r1,"Surface and biome JFR profile (Orion 5.6, pass 0, run 1)",orion5.6,5,6400,7,56917,0.47,61.98,88.03,103.60,132.28,696.59,5484.28
v57_diag_util1,"Structure scheduling utilization check (Orion 5.6, run 1)",orion5.6,5,6400,7,48666,0.15,55.50,78.86,92.29,116.63,655.98,4212.83
v57_diag_diag1,"Structure scheduling diagnostic (Orion 5.6, run 1)",orion5.6,5,6400,7,53954,0.12,59.56,83.89,98.82,125.84,832.59,4304.60
v57_profile1_jfr_r1,"Surface and biome JFR profile (Orion 5.6, pass 1, run 1)",orion5.6,5,6400,7,53351,0.27,60.45,84.07,98.54,125.80,782.82,4821.37
v57_structlane_A1,"Structure lock scheduling (Orion 5.6 control, block 1, pair 1)",orion5.6,5,6400,7,48169,0.20,54.29,77.94,91.75,114.22,669.32,4296.02
v57_structlane_B1,"Experiment (structure lane) Structure lock scheduling (candidate, block 1, pair 1)",exp-structure-lane,5,6400,7,47824,0.33,55.37,78.70,91.58,112.93,615.65,4311.86
v57_structlane_B2,"Experiment (structure lane) Structure lock scheduling (candidate, block 1, pair 2)",exp-structure-lane,5,6400,7,49867,0.19,57.05,82.95,96.99,120.57,632.24,4086.65
v57_structlane_A2,"Structure lock scheduling (Orion 5.6 control, block 1, pair 2)",orion5.6,5,6400,7,53182,0.18,62.19,89.80,103.35,124.92,697.50,4546.92
v57_structlane_A3,"Structure lock scheduling (Orion 5.6 control, block 1, pair 3)",orion5.6,5,6400,7,48197,0.32,56.86,80.99,94.17,116.04,654.45,2924.53
v57_structlane_B3,"Experiment (structure lane) Structure lock scheduling (candidate, block 1, pair 3)",exp-structure-lane,5,6400,7,49474,0.07,55.32,79.55,92.87,115.96,596.83,4829.69
v57_structlane_B4,"Experiment (structure lane) Structure lock scheduling (candidate, block 1, pair 4)",exp-structure-lane,5,6400,7,48146,0.47,56.08,80.46,93.54,116.04,600.31,3168.02
v57_structlane_A4,"Structure lock scheduling (Orion 5.6 control, block 1, pair 4)",orion5.6,5,6400,7,47977,0.08,55.48,79.03,91.96,115.56,600.81,3848.79
v57_structlane_A5,"Structure lock scheduling (Orion 5.6 control, block 1, pair 5)",orion5.6,5,6400,7,48915,0.13,55.14,79.00,91.24,112.65,711.43,4596.06
v57_structlane_B5,"Experiment (structure lane) Structure lock scheduling (candidate, block 1, pair 5)",exp-structure-lane,5,6400,7,52558,0.21,62.45,88.74,103.34,126.15,701.72,4105.31
v57_mapallmemo_ab1_ctrl_r1,"Noise router identity memo (Orion 5.6 control, block 1, pair 1)",orion5.6,5,6400,7,49039,0.56,57.35,80.34,94.80,119.09,637.47,4087.95
v57_mapallmemo_ab1_cand_r1,"Experiment (mapAll memo) Noise router identity memo (candidate, block 1, pair 1)",exp-mapall-memo,5,6400,7,49677,0.09,55.36,82.17,95.73,119.38,574.18,4329.35
v57_mapallmemo_ab1_cand_r2,"Experiment (mapAll memo) Noise router identity memo (candidate, block 1, pair 2)",exp-mapall-memo,5,6400,7,48758,0.86,57.40,82.27,95.21,116.59,597.02,3745.07
v57_mapallmemo_ab1_ctrl_r2,"Noise router identity memo (Orion 5.6 control, block 1, pair 2)",orion5.6,5,6400,7,47649,0.09,56.17,77.66,89.66,110.51,636.40,4104.21
v57_mapallmemo_ab1_ctrl_r3,"Noise router identity memo (Orion 5.6 control, block 1, pair 3)",orion5.6,5,6400,7,51114,0.18,57.30,83.77,97.97,123.21,628.19,4991.75
v57_mapallmemo_ab1_cand_r3,"Experiment (mapAll memo) Noise router identity memo (candidate, block 1, pair 3)",exp-mapall-memo,5,6400,7,49169,0.19,58.05,82.92,96.10,116.27,558.55,3735.10
v57_mapallmemo_ab1_cand_r4,"Experiment (mapAll memo) Noise router identity memo (candidate, block 1, pair 4)",exp-mapall-memo,5,6400,7,49296,0.23,57.37,82.59,96.21,117.49,589.41,4363.56
v57_mapallmemo_ab1_ctrl_r4,"Noise router identity memo (Orion 5.6 control, block 1, pair 4)",orion5.6,5,6400,7,49793,0.42,57.79,81.23,95.14,118.19,673.69,4241.47
v57_mapallmemo_ab1_ctrl_r5,"Noise router identity memo (Orion 5.6 control, block 1, pair 5)",orion5.6,5,6400,7,48819,0.11,56.57,79.49,92.45,115.93,680.25,4394.27
v57_mapallmemo_ab1_cand_r5,"Experiment (mapAll memo) Noise router identity memo (candidate, block 1, pair 5)",exp-mapall-memo,5,6400,7,45386,0.39,53.51,75.32,88.10,110.13,565.96,3273.13
v57_surfbiome_ab1_A56_r1,"Surface and biome optimizations (Orion 5.6 control, block 1, pair 1)",orion5.6,5,6400,7,50344,0.32,58.95,82.58,96.17,119.67,689.35,4143.87
v57_surfbiome_ab1_cand_r1,"Experiment (surface+biome patches) Surface and biome optimizations (candidate, block 1, pair 1)",exp-surface-biome,5,6400,7,45714,0.20,51.43,72.08,84.47,107.24,648.08,4222.36
v57_surfbiome_ab1_cand_r2,"Experiment (surface+biome patches) Surface and biome optimizations (candidate, block 1, pair 2)",exp-surface-biome,5,6400,7,44261,0.17,49.37,71.48,84.53,106.85,610.24,3684.70
v57_surfbiome_ab1_A56_r2,"Surface and biome optimizations (Orion 5.6 control, block 1, pair 2)",orion5.6,5,6400,7,48837,0.13,55.15,79.05,92.35,115.63,673.67,4517.45
v57_surfbiome_ab1_A56_r3,"Surface and biome optimizations (Orion 5.6 control, block 1, pair 3)",orion5.6,5,6400,7,47303,0.15,56.37,78.50,91.17,112.95,614.46,3751.78
v57_surfbiome_ab1_cand_r3,"Experiment (surface+biome patches) Surface and biome optimizations (candidate, block 1, pair 3)",exp-surface-biome,5,6400,7,47317,0.36,53.22,74.52,86.71,108.20,612.69,5186.24
v57_surfbiome_ab1_cand_r4,"Experiment (surface+biome patches) Surface and biome optimizations (candidate, block 1, pair 4)",exp-surface-biome,5,6400,7,47458,0.15,55.86,77.35,90.56,112.01,615.99,4569.58
v57_surfbiome_ab1_A56_r4,"Surface and biome optimizations (Orion 5.6 control, block 1, pair 4)",orion5.6,5,6400,7,46714,0.07,55.27,77.83,89.13,108.89,644.97,3918.19
v57_surfbiome_ab1_A56_r5,"Surface and biome optimizations (Orion 5.6 control, block 1, pair 5)",orion5.6,5,6400,7,50719,0.10,61.51,86.22,99.57,121.98,743.30,3370.36
v57_surfbiome_ab1_cand_r5,"Experiment (surface+biome patches) Surface and biome optimizations (candidate, block 1, pair 5)",exp-surface-biome,5,6400,7,46065,0.27,50.96,73.37,87.33,111.02,565.10,4575.91
v57_surfbiome_ab2_A56_r1,"Surface and biome optimizations (Orion 5.6 control, block 2, pair 1)",orion5.6,5,6400,7,47669,0.12,56.31,79.41,93.10,116.11,621.96,3309.68
v57_surfbiome_ab2_cand_r1,"Experiment (surface+biome patches) Surface and biome optimizations (candidate, block 2, pair 1)",exp-surface-biome,5,6400,7,46284,0.32,51.14,73.55,87.38,113.35,606.11,4276.02
v57_surfbiome_ab2_cand_r2,"Experiment (surface+biome patches) Surface and biome optimizations (candidate, block 2, pair 2)",exp-surface-biome,5,6400,7,49856,0.43,56.66,81.31,95.86,119.35,686.52,4155.06
v57_surfbiome_ab2_A56_r2,"Surface and biome optimizations (Orion 5.6 control, block 2, pair 2)",orion5.6,5,6400,7,48303,0.07,56.32,79.24,91.91,116.81,605.13,3590.16
v57_surfbiome_ab2_A56_r3,"Surface and biome optimizations (Orion 5.6 control, block 2, pair 3)",orion5.6,5,6400,7,47397,0.25,55.31,78.08,90.37,112.95,623.51,3543.33
v57_surfbiome_ab2_cand_r3,"Experiment (surface+biome patches) Surface and biome optimizations (candidate, block 2, pair 3)",exp-surface-biome,5,6400,7,49805,0.16,57.70,82.92,97.05,119.77,714.93,3950.77
v57_surfbiome_ab2_cand_r4,"Experiment (surface+biome patches) Surface and biome optimizations (candidate, block 2, pair 4)",exp-surface-biome,5,6400,7,47868,0.96,56.08,79.20,91.62,115.12,670.76,3492.82
v57_surfbiome_ab2_A56_r4,"Surface and biome optimizations (Orion 5.6 control, block 2, pair 4)",orion5.6,5,6400,7,52441,0.31,62.24,87.61,101.64,126.47,728.12,4051.03
v57_surfbiome_ab2_A56_r5,"Surface and biome optimizations (Orion 5.6 control, block 2, pair 5)",orion5.6,5,6400,7,49060,0.09,57.45,82.45,95.73,119.18,650.24,3074.51
v57_surfbiome_ab2_cand_r5,"Experiment (surface+biome patches) Surface and biome optimizations (candidate, block 2, pair 5)",exp-surface-biome,5,6400,7,45359,0.32,50.11,71.73,84.46,106.93,593.30,4164.35
v57_surfbiome_ab2_cand_r6,"Experiment (surface+biome patches) Surface and biome optimizations (candidate, block 2, pair 6)",exp-surface-biome,5,6400,7,46134,0.11,50.57,73.40,87.79,108.78,598.63,4177.49
v57_surfbiome_ab2_A56_r6,"Surface and biome optimizations (Orion 5.6 control, block 2, pair 6)",orion5.6,5,6400,7,48396,0.08,55.73,79.09,92.98,115.96,673.08,3252.30
v57_lockfree_A1,"Parallel structure generation (Orion 5.6 control, block 2, pair 1)",orion5.6,5,6400,7,51509,0.23,61.77,87.55,100.76,122.03,645.01,3501.51
v57_lockfree_B1,"Experiment (lock-free structure steps) Parallel structure generation (candidate, block 2, pair 1)",exp-lockfree-structures,5,6400,7,51428,0.22,58.74,85.50,99.33,120.95,604.69,4755.21
v57_lockfree_B2,"Experiment (lock-free structure steps) Parallel structure generation (candidate, block 2, pair 2)",exp-lockfree-structures,5,6400,7,49473,0.23,54.82,79.57,92.74,117.28,602.93,4907.07
v57_lockfree_A2,"Parallel structure generation (Orion 5.6 control, block 2, pair 2)",orion5.6,5,6400,7,53429,2.23,59.57,86.69,101.82,127.28,683.73,5290.22
v57_lockfree_A3,"Parallel structure generation (Orion 5.6 control, block 2, pair 3)",orion5.6,5,6400,7,49486,0.21,55.42,79.36,91.85,114.99,695.09,4850.61
v57_lockfree_B3,"Experiment (lock-free structure steps) Parallel structure generation (candidate, block 2, pair 3)",exp-lockfree-structures,5,6400,7,46516,0.08,53.75,76.95,89.54,110.21,563.71,4005.26
v57_lockfree_B4,"Experiment (lock-free structure steps) Parallel structure generation (candidate, block 2, pair 4)",exp-lockfree-structures,5,6400,7,46640,0.53,52.20,77.67,89.86,111.66,562.87,4104.55
v57_lockfree_A4,"Parallel structure generation (Orion 5.6 control, block 2, pair 4)",orion5.6,5,6400,7,47169,0.20,54.63,80.18,92.64,113.23,646.67,3200.06
v57_lockfree_A5,"Parallel structure generation (Orion 5.6 control, block 2, pair 5)",orion5.6,5,6400,7,47961,0.12,54.71,79.00,92.66,115.35,603.13,3976.15
v57_lockfree_B5,"Experiment (lock-free structure steps) Parallel structure generation (candidate, block 2, pair 5)",exp-lockfree-structures,5,6400,7,48077,0.09,56.48,80.22,92.29,117.50,651.99,3421.64
v57_mapallmemo_ab2_ctrl_r1,"Noise router identity memo (Orion 5.6 control, block 2, pair 1)",orion5.6,5,6400,7,59838,0.08,69.12,97.99,115.92,145.55,723.48,4424.22
v57_mapallmemo_ab2_cand_r1,"Experiment (mapAll memo) Noise router identity memo (candidate, block 2, pair 1)",exp-mapall-memo,5,6400,7,49477,0.40,57.25,79.25,92.78,118.05,591.53,4352.12
v57_mapallmemo_ab2_cand_r2,"Experiment (mapAll memo) Noise router identity memo (candidate, block 2, pair 2)",exp-mapall-memo,5,6400,7,53495,0.28,62.10,88.78,103.68,128.87,627.81,3463.60
v57_mapallmemo_ab2_ctrl_r2,"Noise router identity memo (Orion 5.6 control, block 2, pair 2)",orion5.6,5,6400,7,50948,0.19,57.72,83.07,96.33,120.16,653.49,3545.94
v57_mapallmemo_ab2_ctrl_r3,"Noise router identity memo (Orion 5.6 control, block 2, pair 3)",orion5.6,5,6400,7,52819,0.51,61.07,85.10,100.27,125.17,649.95,4325.02
v57_mapallmemo_ab2_cand_r3,"Experiment (mapAll memo) Noise router identity memo (candidate, block 2, pair 3)",exp-mapall-memo,5,6400,7,53546,0.16,62.89,89.36,105.68,131.74,634.64,4036.58
v57_mapallmemo_ab2_cand_r4,"Experiment (mapAll memo) Noise router identity memo (candidate, block 2, pair 4)",exp-mapall-memo,5,6400,7,47159,0.22,52.44,74.83,87.52,114.27,606.82,3687.54
v57_mapallmemo_ab2_ctrl_r4,"Noise router identity memo (Orion 5.6 control, block 2, pair 4)",orion5.6,5,6400,7,48850,0.06,56.33,80.22,93.68,117.85,623.84,3776.45
v57_mapallmemo_ab2_ctrl_r5,"Noise router identity memo (Orion 5.6 control, block 2, pair 5)",orion5.6,5,6400,7,48355,0.11,55.63,78.71,93.39,118.22,637.50,3430.96
v57_mapallmemo_ab2_cand_r5,"Experiment (mapAll memo) Noise router identity memo (candidate, block 2, pair 5)",exp-mapall-memo,5,6400,7,45796,0.06,53.03,74.79,87.54,111.44,552.01,3600.81
v57_surfbiome_rep_ctrl_r1,"Surface and biome optimization replication (Orion 5.6 control, pair 1)",orion5.6,5,6400,7,49157,0.08,56.98,79.44,92.79,115.96,678.75,4292.64
v57_surfbiome_rep_cand_r1,"Experiment (surface+biome patches) Surface and biome optimization replication (candidate, pair 1)",exp-surface-biome,5,6400,7,47719,0.68,51.25,73.83,87.28,110.64,618.67,5542.17
v57_surfbiome_rep_cand_r2,"Experiment (surface+biome patches) Surface and biome optimization replication (candidate, pair 2)",exp-surface-biome,5,6400,7,54135,0.28,61.98,90.94,105.38,129.45,693.16,4966.58
v57_surfbiome_rep_ctrl_r2,"Surface and biome optimization replication (Orion 5.6 control, pair 2)",orion5.6,5,6400,7,47013,3.28,56.59,77.76,89.64,112.36,651.95,3138.99
v57_surfbiome_rep_ctrl_r3,"Surface and biome optimization replication (Orion 5.6 control, pair 3)",orion5.6,5,6400,7,49349,0.20,59.78,82.35,95.22,119.14,622.77,3808.92
v57_surfbiome_rep_cand_r3,"Experiment (surface+biome patches) Surface and biome optimization replication (candidate, pair 3)",exp-surface-biome,5,6400,7,46551,0.47,51.23,73.95,87.02,111.27,644.53,4018.63
v57_surfbiome_rep_cand_r4,"Experiment (surface+biome patches) Surface and biome optimization replication (candidate, pair 4)",exp-surface-biome,5,6400,7,44795,0.17,51.71,72.13,85.14,107.73,602.62,3420.70
v57_surfbiome_rep_ctrl_r4,"Surface and biome optimization replication (Orion 5.6 control, pair 4)",orion5.6,5,6400,7,53687,0.14,64.39,88.53,102.51,125.60,744.09,4673.26
v57_surfbiome_rep_ctrl_r5,"Surface and biome optimization replication (Orion 5.6 control, pair 5)",orion5.6,5,6400,7,48509,0.64,56.65,79.59,92.89,115.04,704.10,3798.39
v57_surfbiome_rep_cand_r5,"Experiment (surface+biome patches) Surface and biome optimization replication (candidate, pair 5)",exp-surface-biome,5,6400,7,50713,0.43,56.57,82.59,96.84,120.61,655.14,4662.52
v57_lockfree_rep_A56_r1,"Parallel structure generation replication (Orion 5.6 control, pair 1)",orion5.6,5,6400,7,49734,0.24,57.67,82.80,96.65,123.36,640.29,3034.16
v57_lockfree_rep_cand_r1,"Experiment (lock-free structure steps) Parallel structure generation replication (candidate, pair 1)",exp-lockfree-structures,5,6400,7,50347,0.27,59.57,86.79,99.86,122.45,651.23,2919.75
v57_lockfree_rep_cand_r2,"Experiment (lock-free structure steps) Parallel structure generation replication (candidate, pair 2)",exp-lockfree-structures,5,6400,7,50353,0.15,57.10,85.47,99.42,122.51,586.49,4288.12
v57_lockfree_rep_A56_r2,"Parallel structure generation replication (Orion 5.6 control, pair 2)",orion5.6,5,6400,7,48694,0.32,55.73,79.24,92.58,115.55,638.39,4343.61
v57_lockfree_rep_A56_r3,"Parallel structure generation replication (Orion 5.6 control, pair 3)",orion5.6,5,6400,7,48126,0.33,55.18,79.80,93.11,118.09,657.29,3235.32
v57_lockfree_rep_cand_r3,"Experiment (lock-free structure steps) Parallel structure generation replication (candidate, pair 3)",exp-lockfree-structures,5,6400,7,46717,0.21,55.20,78.29,90.86,114.41,567.99,3159.70
v57_lockfree_rep_cand_r4,"Experiment (lock-free structure steps) Parallel structure generation replication (candidate, pair 4)",exp-lockfree-structures,5,6400,7,47810,0.38,55.88,79.61,92.44,118.18,607.94,3129.19
v57_lockfree_rep_A56_r4,"Parallel structure generation replication (Orion 5.6 control, pair 4)",orion5.6,5,6400,7,49266,0.06,55.90,79.37,92.22,114.49,634.49,5070.71
v57_lockfree_rep_A56_r5,"Parallel structure generation replication (Orion 5.6 control, pair 5)",orion5.6,5,6400,7,48252,0.45,56.18,79.86,93.07,118.12,649.73,3070.34
v57_lockfree_rep_cand_r5,"Experiment (lock-free structure steps) Parallel structure generation replication (candidate, pair 5)",exp-lockfree-structures,5,6400,7,50791,0.27,59.12,86.09,99.98,124.14,664.85,3250.04
v57_rep1_A56_r1,"Noise pipeline optimization replication (Orion 5.6 control, block 1, pair 1)",orion5.6,5,6400,7,50362,0.63,57.51,80.49,93.54,116.70,636.48,5211.94
v57_rep1_B57_r1,"Noise pipeline optimization replication (Orion 5.7 candidate, block 1, pair 1)",orion5.7,5,6400,7,43560,0.21,49.12,68.92,81.09,106.66,576.19,3516.17
v57_rep1_B57_r2,"Noise pipeline optimization replication (Orion 5.7 candidate, block 1, pair 2)",orion5.7,5,6400,7,43924,0.77,48.67,69.41,81.65,105.73,538.55,3962.32
v57_rep1_A56_r2,"Noise pipeline optimization replication (Orion 5.6 control, block 1, pair 2)",orion5.6,5,6400,7,50142,0.33,58.43,82.33,97.01,122.13,673.88,3744.07
v57_rep1_A56_r3,"Noise pipeline optimization replication (Orion 5.6 control, block 1, pair 3)",orion5.6,5,6400,7,51054,0.56,58.24,83.71,97.59,122.51,689.67,4411.63
v57_rep1_B57_r3,"Noise pipeline optimization replication (Orion 5.7 candidate, block 1, pair 3)",orion5.7,5,6400,7,44426,0.61,48.62,70.91,84.11,108.31,566.05,3965.54
v57_rep1_B57_r4,"Noise pipeline optimization replication (Orion 5.7 candidate, block 1, pair 4)",orion5.7,5,6400,7,47202,0.07,50.53,74.98,89.49,118.10,666.12,4098.35
v57_rep1_A56_r4,"Noise pipeline optimization replication (Orion 5.6 control, block 1, pair 4)",orion5.6,5,6400,7,51565,0.90,59.64,86.26,99.77,124.68,649.19,3534.71
v57_rep1_A56_r5,"Noise pipeline optimization replication (Orion 5.6 control, block 1, pair 5)",orion5.6,5,6400,7,48315,0.55,57.11,79.69,93.77,115.35,621.43,3303.73
v57_rep1_B57_r5,"Noise pipeline optimization replication (Orion 5.7 candidate, block 1, pair 5)",orion5.7,5,6400,7,46111,0.31,50.75,73.56,86.93,109.27,615.07,4138.75
v57_rep2_A56_r1,"Noise pipeline optimization replication (Orion 5.6 control, block 2, pair 1)",orion5.6,5,6400,7,47722,0.43,54.70,79.42,92.96,115.13,630.23,3270.77
v57_rep2_B57_r1,"Noise pipeline optimization replication (Orion 5.7 candidate, block 2, pair 1)",orion5.7,5,6400,7,44160,0.12,48.70,70.22,83.93,109.26,524.38,3326.19
v57_rep2_B57_r2,"Noise pipeline optimization replication (Orion 5.7 candidate, block 2, pair 2)",orion5.7,5,6400,7,43538,0.68,47.37,69.12,81.37,108.27,485.39,3022.14
v57_rep2_A56_r2,"Noise pipeline optimization replication (Orion 5.6 control, block 2, pair 2)",orion5.6,5,6400,7,48539,0.26,56.71,80.18,93.75,116.15,660.23,3268.06
v57_rep2_A56_r3,"Noise pipeline optimization replication (Orion 5.6 control, block 2, pair 3)",orion5.6,5,6400,7,47561,1.16,55.20,78.43,91.36,113.50,590.57,3674.03
v57_rep2_B57_r3,"Noise pipeline optimization replication (Orion 5.7 candidate, block 2, pair 3)",orion5.7,5,6400,7,44322,0.40,49.73,70.37,83.52,106.97,552.93,3413.36
v57_rep2_B57_r4,"Noise pipeline optimization replication (Orion 5.7 candidate, block 2, pair 4)",orion5.7,5,6400,7,43567,0.29,45.93,69.42,81.65,105.17,550.83,3988.83
v57_rep2_A56_r4,"Noise pipeline optimization replication (Orion 5.6 control, block 2, pair 4)",orion5.6,5,6400,7,47203,0.60,55.58,78.57,91.21,111.84,605.92,3552.01
v57_rep2_A56_r5,"Noise pipeline optimization replication (Orion 5.6 control, block 2, pair 5)",orion5.6,5,6400,7,50247,0.26,57.20,80.69,93.53,116.01,772.89,4643.34
v57_rep2_B57_r5,"Noise pipeline optimization replication (Orion 5.7 candidate, block 2, pair 5)",orion5.7,5,6400,7,44638,0.22,50.87,71.55,85.06,109.03,546.13,3772.43
v57_rep3_5.6_r1,"Orion orion5.6 (v5.7 replication 3, ab_5.6_r1)",orion5.6,5,6400,7,49443,0.15,57.57,79.69,92.79,116.75,666.93,4842.40
v57_rep3_5.7_r1,"Orion orion5.7 (v5.7 replication 3, ab_5.7_r1)",orion5.7,5,6400,7,43185,0.10,48.86,68.06,80.76,104.71,530.51,3282.18
v57_rep3_5.7_r2,"Orion orion5.7 (v5.7 replication 3, ab_5.7_r2)",orion5.7,5,6400,7,42706,0.17,47.29,67.35,79.50,104.84,543.94,3477.61
v57_rep3_5.6_r2,"Orion orion5.6 (v5.7 replication 3, ab_5.6_r2)",orion5.6,5,6400,7,50677,0.19,58.91,84.08,96.89,120.00,755.72,3741.70
v57_rep3_5.6_r3,"Orion orion5.6 (v5.7 replication 3, ab_5.6_r3)",orion5.6,5,6400,7,52106,0.81,60.36,86.03,100.43,124.84,670.72,4435.89
v57_rep3_5.7_r3,"Orion orion5.7 (v5.7 replication 3, ab_5.7_r3)",orion5.7,5,6400,7,44603,0.12,49.48,69.42,81.75,105.68,555.95,4708.44
v57_rep3_5.7_r4,"Orion orion5.7 (v5.7 replication 3, ab_5.7_r4)",orion5.7,5,6400,7,43514,0.31,49.59,70.65,83.15,105.55,635.76,3101.20
v57_rep3_5.6_r4,"Orion orion5.6 (v5.7 replication 3, ab_5.6_r4)",orion5.6,5,6400,7,48744,0.14,57.39,80.96,95.03,118.36,645.48,3631.54
v57_rep3_5.6_r5,"Orion orion5.6 (v5.7 replication 3, ab_5.6_r5)",orion5.6,5,6400,7,48461,0.14,54.65,77.77,91.00,114.46,623.70,4513.92
v57_rep3_5.7_r5,"Orion orion5.7 (v5.7 replication 3, ab_5.7_r5)",orion5.7,5,6400,7,43754,1.09,47.96,69.41,82.80,104.93,613.64,3703.45
v57_ablation_A56_r1,"Orion orion5.6 (v5.7 ablation, abl1_A56_r1)",orion5.6,5,6400,7,52790,0.20,63.35,89.17,103.53,126.67,687.17,3967.56
v57_ablation_B57_r1,"Orion orion5.7 (v5.7 ablation, abl1_B57_r1)",orion5.7,5,6400,7,44168,0.07,48.93,70.61,82.22,107.58,583.88,3467.29
v57_ablation_nobatch_r1,"Orion orion5.7 (v5.7 ablation, abl1_nobatch_r1)",orion5.7,5,6400,7,46463,0.38,53.15,75.27,88.85,112.79,573.00,3379.07
v57_ablation_nolazy_r1,"Orion orion5.7 (v5.7 ablation, abl1_nolazy_r1)",orion5.7,5,6400,7,46608,0.93,52.89,76.18,90.15,114.34,555.80,3501.28
v57_ablation_nocache_r1,"Orion orion5.7 (v5.7 ablation, abl1_nocache_r1)",orion5.7,5,6400,7,44970,0.17,52.27,73.31,86.15,108.74,600.45,3449.10
v57_ablation_noglue_r1,"Orion orion5.7 (v5.7 ablation, abl1_noglue_r1)",orion5.7,5,6400,7,45964,0.23,51.80,73.40,88.52,112.43,578.62,3731.76
v57_ablation_B57_r2,"Orion orion5.7 (v5.7 ablation, abl1_B57_r2)",orion5.7,5,6400,7,45722,0.23,51.96,73.04,86.47,110.97,577.98,3709.36
v57_ablation_nobatch_r2,"Orion orion5.7 (v5.7 ablation, abl1_nobatch_r2)",orion5.7,5,6400,7,48910,0.25,55.95,80.59,96.15,120.38,622.45,2975.00
v57_ablation_nolazy_r2,"Orion orion5.7 (v5.7 ablation, abl1_nolazy_r2)",orion5.7,5,6400,7,50304,0.11,54.90,76.56,91.71,121.70,609.67,4863.08
v57_ablation_nocache_r2,"Orion orion5.7 (v5.7 ablation, abl1_nocache_r2)",orion5.7,5,6400,7,51268,0.24,55.05,78.59,94.10,125.42,673.13,4737.57
v57_ablation_noglue_r2,"Orion orion5.7 (v5.7 ablation, abl1_noglue_r2)",orion5.7,5,6400,7,47216,0.15,52.41,73.50,86.73,115.23,600.37,3420.82
v57_ablation_A56_r2,"Orion orion5.6 (v5.7 ablation, abl1_A56_r2)",orion5.6,5,6400,7,53100,0.16,59.80,84.86,99.58,123.10,759.38,5378.85
v57_ablation_nobatch_r3,"Orion orion5.7 (v5.7 ablation, abl1_nobatch_r3)",orion5.7,5,6400,7,53633,0.11,60.78,88.49,104.96,131.56,660.97,3500.16
v57_ablation_nolazy_r3,"Orion orion5.7 (v5.7 ablation, abl1_nolazy_r3)",orion5.7,5,6400,7,47403,0.12,54.12,76.62,90.65,115.94,622.95,3196.47
v57_ablation_nocache_r3,"Orion orion5.7 (v5.7 ablation, abl1_nocache_r3)",orion5.7,5,6400,7,47199,0.11,50.98,73.28,86.16,111.95,613.26,5233.19
v57_ablation_noglue_r3,"Orion orion5.7 (v5.7 ablation, abl1_noglue_r3)",orion5.7,5,6400,7,44694,0.19,49.05,69.96,82.98,108.39,553.91,4263.73
v57_ablation_A56_r3,"Orion orion5.6 (v5.7 ablation, abl1_A56_r3)",orion5.6,5,6400,7,48587,0.37,57.53,78.72,90.88,113.72,746.43,4219.13
v57_ablation_B57_r3,"Orion orion5.7 (v5.7 ablation, abl1_B57_r3)",orion5.7,5,6400,7,44034,0.20,48.33,69.41,81.80,107.34,521.90,3329.87
v57_ablation_nolazy_r4,"Orion orion5.7 (v5.7 ablation, abl1_nolazy_r4)",orion5.7,5,6400,7,44597,0.20,47.99,69.89,82.26,107.09,605.71,4458.74
v57_ablation_nocache_r4,"Orion orion5.7 (v5.7 ablation, abl1_nocache_r4)",orion5.7,5,6400,7,45418,0.16,50.30,72.70,86.07,108.31,575.56,4171.33
v57_ablation_noglue_r4,"Orion orion5.7 (v5.7 ablation, abl1_noglue_r4)",orion5.7,5,6400,7,44069,0.10,47.69,67.49,80.73,106.15,537.96,3949.36
v57_ablation_A56_r4,"Orion orion5.6 (v5.7 ablation, abl1_A56_r4)",orion5.6,5,6400,7,49068,0.29,54.17,77.30,90.02,112.89,737.56,4972.11
v57_ablation_B57_r4,"Orion orion5.7 (v5.7 ablation, abl1_B57_r4)",orion5.7,5,6400,7,43962,0.24,47.87,68.97,82.32,105.77,535.55,3693.69
v57_ablation_nobatch_r4,"Orion orion5.7 (v5.7 ablation, abl1_nobatch_r4)",orion5.7,5,6400,7,45156,0.13,50.91,72.62,85.05,109.77,583.61,3787.38
v57_ablation_nocache_r5,"Orion orion5.7 (v5.7 ablation, abl1_nocache_r5)",orion5.7,5,6400,7,45960,0.15,51.72,72.27,84.43,108.27,601.31,4083.41
v57_ablation_noglue_r5,"Orion orion5.7 (v5.7 ablation, abl1_noglue_r5)",orion5.7,5,6400,7,44735,0.25,51.26,71.05,83.71,109.29,579.03,3517.49
v57_ablation_A56_r5,"Orion orion5.6 (v5.7 ablation, abl1_A56_r5)",orion5.6,5,6400,7,49151,0.18,55.81,79.58,93.49,119.34,640.52,3764.46
v57_ablation_B57_r5,"Orion orion5.7 (v5.7 ablation, abl1_B57_r5)",orion5.7,5,6400,7,45506,0.10,50.09,70.72,84.71,111.08,573.24,4078.29
v57_ablation_nobatch_r5,"Orion orion5.7 (v5.7 ablation, abl1_nobatch_r5)",orion5.7,5,6400,7,44505,0.35,52.06,73.36,85.08,108.37,545.38,3448.88
v57_ablation_nolazy_r5,"Orion orion5.7 (v5.7 ablation, abl1_nolazy_r5)",orion5.7,5,6400,7,45360,0.45,51.60,73.27,86.18,109.12,593.46,3720.73
v57_inflight32_cand_r1,"Experiment (v5.7 + in-flight 32) (in-flight block, b15_cand_r1)",exp-inflight32,5,6400,7,44523,0.33,95.18,141.74,166.68,218.78,918.99,6116.43
v57_inflight32_cand_r2,"Experiment (v5.7 + in-flight 32) (in-flight block, b15_cand_r2)",exp-inflight32,5,6400,7,43648,0.43,97.15,140.32,161.61,201.25,780.30,6877.97
v57_inflight32_cand_r3,"Experiment (v5.7 + in-flight 32) (in-flight block, b15_cand_r3)",exp-inflight32,5,6400,7,43658,0.17,99.50,141.59,166.94,210.00,844.22,5028.37
v57_inflight32_cand_r4,"Experiment (v5.7 + in-flight 32) (in-flight block, b15_cand_r4)",exp-inflight32,5,6400,7,44168,0.10,97.91,140.72,164.72,203.86,855.19,6774.01
v57_inflight32_cand_r5,"Experiment (v5.7 + in-flight 32) (in-flight block, b15_cand_r5)",exp-inflight32,5,6400,7,43117,0.10,94.45,139.56,163.81,211.21,867.07,5560.30
v57_inflight32_5.6_r1,"Orion orion5.6 (in-flight block, b15_5.6_r1)",orion5.6,5,6400,7,47855,0.14,56.48,80.52,92.60,113.48,645.51,3687.56
v57_inflight32_5.6_r2,"Orion orion5.6 (in-flight block, b15_5.6_r2)",orion5.6,5,6400,7,48325,0.50,57.02,79.53,93.98,115.49,576.34,4046.89
v57_inflight32_5.6_r3,"Orion orion5.6 (in-flight block, b15_5.6_r3)",orion5.6,5,6400,7,48170,0.34,55.22,80.26,94.14,115.93,688.71,3680.46
v57_inflight32_5.6_r4,"Orion orion5.6 (in-flight block, b15_5.6_r4)",orion5.6,5,6400,7,50416,0.11,59.92,81.54,95.56,118.69,624.86,4276.54
v57_inflight32_5.6_r5,"Orion orion5.6 (in-flight block, b15_5.6_r5)",orion5.6,5,6400,7,51427,3.81,59.21,85.85,99.00,120.97,693.64,4673.13
v57_inflight32_5.7_r1,"Orion orion5.7 (in-flight block, b15_5.7_r1)",orion5.7,5,6400,7,43634,0.11,45.51,68.59,81.61,105.04,590.03,3562.52
v57_inflight32_5.7_r2,"Orion orion5.7 (in-flight block, b15_5.7_r2)",orion5.7,5,6400,7,43168,0.10,48.46,69.51,82.38,102.67,525.75,3376.45
v57_inflight32_5.7_r3,"Orion orion5.7 (in-flight block, b15_5.7_r3)",orion5.7,5,6400,7,43264,0.21,49.63,70.04,82.14,105.24,676.58,3034.46
v57_inflight32_5.7_r4,"Orion orion5.7 (in-flight block, b15_5.7_r4)",orion5.7,5,6400,7,45668,0.25,49.28,73.09,86.14,110.28,614.93,3846.78
v57_inflight32_5.7_r5,"Orion orion5.7 (in-flight block, b15_5.7_r5)",orion5.7,5,6400,7,45904,0.89,50.65,72.06,85.68,112.30,602.63,4329.95
v57_beardcull_A56_r1,"Orion orion5.6 (Beardifier block, n2ab1_A56_r1)",orion5.6,5,6400,7,48066,1.96,55.66,79.10,91.97,117.23,733.71,3434.46
v57_beardcull_B57_r1,"Orion orion5.7 (Beardifier block, n2ab1_B57_r1)",orion5.7,5,6400,7,44240,0.45,48.13,69.94,83.85,109.58,574.84,3130.79
v57_beardcull_beard_r1,"Experiment (v5.7 + Beardifier cull) (Beardifier block, n2ab1_beard_r1)",exp-beard-cull,5,6400,7,44407,0.26,48.23,68.37,80.26,107.62,619.67,4171.68
v57_beardcull_B57_r2,"Orion orion5.7 (Beardifier block, n2ab1_B57_r2)",orion5.7,5,6400,7,45718,1.47,49.06,73.13,86.65,111.85,542.27,3994.14
v57_beardcull_beard_r2,"Experiment (v5.7 + Beardifier cull) (Beardifier block, n2ab1_beard_r2)",exp-beard-cull,5,6400,7,43807,0.07,48.54,70.57,82.78,106.79,599.53,3498.22
v57_beardcull_A56_r2,"Orion orion5.6 (Beardifier block, n2ab1_A56_r2)",orion5.6,5,6400,7,48119,0.08,55.67,78.27,91.17,115.86,627.97,4360.36
v57_beardcull_beard_r3,"Experiment (v5.7 + Beardifier cull) (Beardifier block, n2ab1_beard_r3)",exp-beard-cull,5,6400,7,43810,0.12,49.26,70.27,82.65,106.64,549.18,3494.12
v57_beardcull_A56_r3,"Orion orion5.6 (Beardifier block, n2ab1_A56_r3)",orion5.6,5,6400,7,48042,0.26,56.26,79.40,92.53,115.76,645.17,3559.51
v57_beardcull_B57_r3,"Orion orion5.7 (Beardifier block, n2ab1_B57_r3)",orion5.7,5,6400,7,43136,0.19,48.07,69.68,82.08,106.88,535.90,3040.80
v57_beardcull_A56_r4,"Orion orion5.6 (Beardifier block, n2ab1_A56_r4)",orion5.6,5,6400,7,51361,0.07,62.46,87.36,100.11,123.07,639.78,3458.50
v57_beardcull_B57_r4,"Orion orion5.7 (Beardifier block, n2ab1_B57_r4)",orion5.7,5,6400,7,43906,0.17,50.51,70.01,83.12,106.35,593.96,3410.80
v57_beardcull_beard_r4,"Experiment (v5.7 + Beardifier cull) (Beardifier block, n2ab1_beard_r4)",exp-beard-cull,5,6400,7,43302,0.06,49.47,70.62,83.69,107.42,496.57,3085.71
v57_beardcull_B57_r5,"Orion orion5.7 (Beardifier block, n2ab1_B57_r5)",orion5.7,5,6400,7,43260,0.15,48.35,69.27,81.93,107.06,526.72,2993.49
v57_beardcull_beard_r5,"Experiment (v5.7 + Beardifier cull) (Beardifier block, n2ab1_beard_r5)",exp-beard-cull,5,6400,7,41955,0.32,45.82,67.61,79.95,102.74,533.75,3480.62
v57_beardcull_A56_r5,"Orion orion5.6 (Beardifier block, n2ab1_A56_r5)",orion5.6,5,6400,7,50704,0.24,57.94,83.64,98.07,119.82,623.85,4576.01
v57_65k_orion56_r1,Orion orion5.6 (65k r1),orion5.6,16,65536,7,525203,0.32,58.06,79.28,91.52,113.48,954.51,4147.35
v57_65k_orion57_r1,Orion orion5.7 (65k r1),orion5.7,16,65536,7,479544,0.15,50.81,69.83,81.11,103.33,852.38,3459.72
v57_65k_orion57_r2,Orion orion5.7 (65k r2),orion5.7,16,65536,7,486369,0.14,50.65,70.70,82.79,106.08,811.95,3505.24
v57_65k_orion56_r2,Orion orion5.6 (65k r2),orion5.6,16,65536,7,520099,0.23,57.98,78.80,90.60,112.71,939.08,3588.01
